timestamp, index, uuid, memory.used [MiB]
2026/09/16 11:49:06.260, 0, GPU-02ec26d3-2fcf-7527-1110-7120a701ec49, 2585 MiB
2026/09/16 11:49:06.361, 0, GPU-02ec26d3-2fcf-7527-1110-7120a701ec49, 2585 MiB
2026/09/16 11:49:06.461, 0, GPU-02ec26d3-2fcf-7527-1110-7120a701ec49, 2585 MiB
2026/09/16 11:49:06.561, 0, GPU-02ec26d3-2fcf-7527-1110-7120a701ec49, 2585 MiB
2026/09/16 11:49:06.662, 0, GPU-02ec26d3-2fcf-7527-1110-7120a701ec49, 2585 MiB
2026/09/16 11:49:06.762, 0, GPU-02ec26d3-2fcf-7527-1110-7120a701ec49, 2585 MiB
2026/09/16 11:49:06.862, 0, GPU-02ec26d3-2fcf-7527-1110-7120a701ec49, 2585 MiB
2026/09/16 11:49:06.962, 0, GPU-02ec26d3-2fcf-7527-1110-7120a701ec49, 2585 MiB
2026/09/16 11:49:07.063, 0, GPU-02ec26d3-2fcf-7527-1110-7120a701ec49, 2585 MiB
2026/09/16 11:49:07.163, 0, GPU-02ec26d3-2fcf-7527-1110-7120a701ec49, 2585 MiB
2026/09/16 11:49:07.264, 0, GPU-02ec26d3-2fcf-7527-1110-7120a701ec49, 2585 MiB
2026/09/16 11:49:07.364, 0, GPU-02ec26d3-2fcf-7527-1110-7120a701ec49, 2585 MiB
2026/09/16 11:49:07.464, 0, GPU-02ec26d3-2fcf-7527-1110-7120a701ec49, 2585 MiB
2026/09/16 11:49:07.565, 0, GPU-02ec26d3-2fcf-7527-1110-7120a701ec49, 2585 MiB
2026/09/16 11:49:07.665, 0, GPU-02ec26d3-2fcf-7527-1110-7120a701ec49, 2585 MiB
2026/09/16 11:49:07.766, 0, GPU-02ec26d3-2fcf-7527-1110-7120a701ec49, 2585 MiB
2026/09/16 11:49:07.866, 0, GPU-02ec26d3-2fcf-7527-1110-7120a701ec49, 2585 MiB
2026/09/16 11:49:07.967, 0, GPU-02ec26d3-2fcf-7527-1110-7120a701ec49, 2585 MiB
2026/09/16 11:49:08.067, 0, GPU-02ec26d3-2fcf-7527-1110-7120a701ec49, 2585 MiB
2026/09/16 11:49:08.167, 0, GPU-02ec26d3-2fcf-7527-1110-7120a701ec49, 2585 MiB
2026/09/16 11:49:08.268, 0, GPU-02ec26d3-2fcf-7527-1110-7120a701ec49, 2585 MiB
2026/09/16 11:49:08.368, 0, GPU-02ec26d3-2fcf-7527-1110-7120a701ec49, 2585 MiB
2026/09/16 11:49:08.469, 0, GPU-02ec26d3-2fcf-7527-1110-7120a701ec49, 2585 MiB
2026/09/16 11:49:08.569, 0, GPU-02ec26d3-2fcf-7527-1110-7120a701ec49, 2585 MiB
2026/09/16 11:49:08.669, 0, GPU-02ec26d3-2fcf-7527-1110-7120a701ec49, 2585 MiB
2026/09/16 11:49:08.772, 0, GPU-02ec26d3-2fcf-7527-1110-7120a701ec49, 2585 MiB
2026/09/16 11:49:08.872, 0, GPU-02ec26d3-2fcf-7527-1110-7120a701ec49, 2585 MiB
2026/09/16 11:49:08.973, 0, GPU-02ec26d3-2fcf-7527-1110-7120a701ec49, 2585 MiB
2026/09/16 11:49:09.073, 0, GPU-02ec26d3-2fcf-7527-1110-7120a701ec49, 2585 MiB
2026/09/16 11:49:09.173, 0, GPU-02ec26d3-2fcf-7527-1110-7120a701ec49, 2585 MiB
2026/09/16 11:49:09.274, 0, GPU-02ec26d3-2fcf-7527-1110-7120a701ec49, 2585 MiB
2026/09/16 11:49:09.374, 0, GPU-02ec26d3-2fcf-7527-1110-7120a701ec49, 2637 MiB
2026/09/16 11:49:09.474, 0, GPU-02ec26d3-2fcf-7527-1110-7120a701ec49, 2637 MiB
2026/09/16 11:49:09.575, 0, GPU-02ec26d3-2fcf-7527-1110-7120a701ec49, 2637 MiB
2026/09/16 11:49:09.675, 0, GPU-02ec26d3-2fcf-7527-1110-7120a701ec49, 2637 MiB
2026/09/16 11:49:09.775, 0, GPU-02ec26d3-2fcf-7527-1110-7120a701ec49, 2637 MiB
2026/09/16 11:49:09.876, 0, GPU-02ec26d3-2fcf-7527-1110-7120a701ec49, 2637 MiB
2026/09/16 11:49:09.976, 0, GPU-02ec26d3-2fcf-7527-1110-7120a701ec49, 2637 MiB
2026/09/16 11:49:10.076, 0, GPU-02ec26d3-2fcf-7527-1110-7120a701ec49, 2648 MiB
2026/09/16 11:49:10.177, 0, GPU-02ec26d3-2fcf-7527-1110-7120a701ec49, 2764 MiB
2026/09/16 11:49:10.277, 0, GPU-02ec26d3-2fcf-7527-1110-7120a701ec49, 3178 MiB
2026/09/16 11:49:10.377, 0, GPU-02ec26d3-2fcf-7527-1110-7120a701ec49, 3500 MiB
2026/09/16 11:49:10.478, 0, GPU-02ec26d3-2fcf-7527-1110-7120a701ec49, 3940 MiB
2026/09/16 11:49:10.578, 0, GPU-02ec26d3-2fcf-7527-1110-7120a701ec49, 4386 MiB
2026/09/16 11:49:10.678, 0, GPU-02ec26d3-2fcf-7527-1110-7120a701ec49, 4856 MiB
2026/09/16 11:49:10.779, 0, GPU-02ec26d3-2fcf-7527-1110-7120a701ec49, 5330 MiB
2026/09/16 11:49:10.879, 0, GPU-02ec26d3-2fcf-7527-1110-7120a701ec49, 5790 MiB
2026/09/16 11:49:10.979, 0, GPU-02ec26d3-2fcf-7527-1110-7120a701ec49, 6276 MiB
2026/09/16 11:49:11.080, 0, GPU-02ec26d3-2fcf-7527-1110-7120a701ec49, 6776 MiB
2026/09/16 11:49:11.180, 0, GPU-02ec26d3-2fcf-7527-1110-7120a701ec49, 7256 MiB
2026/09/16 11:49:11.280, 0, GPU-02ec26d3-2fcf-7527-1110-7120a701ec49, 7640 MiB
2026/09/16 11:49:11.380, 0, GPU-02ec26d3-2fcf-7527-1110-7120a701ec49, 8114 MiB
2026/09/16 11:49:11.481, 0, GPU-02ec26d3-2fcf-7527-1110-7120a701ec49, 8580 MiB
2026/09/16 11:49:11.581, 0, GPU-02ec26d3-2fcf-7527-1110-7120a701ec49, 9038 MiB
2026/09/16 11:49:11.681, 0, GPU-02ec26d3-2fcf-7527-1110-7120a701ec49, 9510 MiB
2026/09/16 11:49:11.782, 0, GPU-02ec26d3-2fcf-7527-1110-7120a701ec49, 9872 MiB
2026/09/16 11:49:11.882, 0, GPU-02ec26d3-2fcf-7527-1110-7120a701ec49, 9916 MiB
2026/09/16 11:49:11.982, 0, GPU-02ec26d3-2fcf-7527-1110-7120a701ec49, 9922 MiB
2026/09/16 11:49:12.083, 0, GPU-02ec26d3-2fcf-7527-1110-7120a701ec49, 9976 MiB
2026/09/16 11:49:12.183, 0, GPU-02ec26d3-2fcf-7527-1110-7120a701ec49, 9978 MiB
2026/09/16 11:49:12.283, 0, GPU-02ec26d3-2fcf-7527-1110-7120a701ec49, 9978 MiB
2026/09/16 11:49:12.383, 0, GPU-02ec26d3-2fcf-7527-1110-7120a701ec49, 9978 MiB
2026/09/16 11:49:12.484, 0, GPU-02ec26d3-2fcf-7527-1110-7120a701ec49, 10034 MiB
2026/09/16 11:49:12.584, 0, GPU-02ec26d3-2fcf-7527-1110-7120a701ec49, 10096 MiB
2026/09/16 11:49:12.684, 0, GPU-02ec26d3-2fcf-7527-1110-7120a701ec49, 10096 MiB
2026/09/16 11:49:12.784, 0, GPU-02ec26d3-2fcf-7527-1110-7120a701ec49, 10096 MiB
2026/09/16 11:49:12.885, 0, GPU-02ec26d3-2fcf-7527-1110-7120a701ec49, 10096 MiB
2026/09/16 11:49:12.985, 0, GPU-02ec26d3-2fcf-7527-1110-7120a701ec49, 10910 MiB
2026/09/16 11:49:13.085, 0, GPU-02ec26d3-2fcf-7527-1110-7120a701ec49, 12048 MiB
2026/09/16 11:49:13.186, 0, GPU-02ec26d3-2fcf-7527-1110-7120a701ec49, 12048 MiB
2026/09/16 11:49:13.286, 0, GPU-02ec26d3-2fcf-7527-1110-7120a701ec49, 12048 MiB
2026/09/16 11:49:13.386, 0, GPU-02ec26d3-2fcf-7527-1110-7120a701ec49, 12048 MiB
2026/09/16 11:49:13.487, 0, GPU-02ec26d3-2fcf-7527-1110-7120a701ec49, 12048 MiB
2026/09/16 11:49:13.587, 0, GPU-02ec26d3-2fcf-7527-1110-7120a701ec49, 12048 MiB
2026/09/16 11:49:13.687, 0, GPU-02ec26d3-2fcf-7527-1110-7120a701ec49, 12048 MiB
2026/09/16 11:49:13.787, 0, GPU-02ec26d3-2fcf-7527-1110-7120a701ec49, 12048 MiB
2026/09/16 11:49:13.888, 0, GPU-02ec26d3-2fcf-7527-1110-7120a701ec49, 12048 MiB
2026/09/16 11:49:13.988, 0, GPU-02ec26d3-2fcf-7527-1110-7120a701ec49, 12048 MiB
2026/09/16 11:49:14.088, 0, GPU-02ec26d3-2fcf-7527-1110-7120a701ec49, 12048 MiB
2026/09/16 11:49:14.189, 0, GPU-02ec26d3-2fcf-7527-1110-7120a701ec49, 12048 MiB
2026/09/16 11:49:14.289, 0, GPU-02ec26d3-2fcf-7527-1110-7120a701ec49, 6876 MiB
2026/09/16 11:49:14.389, 0, GPU-02ec26d3-2fcf-7527-1110-7120a701ec49, 2586 MiB
2026/09/16 11:49:14.490, 0, GPU-02ec26d3-2fcf-7527-1110-7120a701ec49, 2586 MiB
2026/09/16 11:49:14.590, 0, GPU-02ec26d3-2fcf-7527-1110-7120a701ec49, 2586 MiB
2026/09/16 11:49:14.690, 0, GPU-02ec26d3-2fcf-7527-1110-7120a701ec49, 2586 MiB
2026/09/16 11:49:14.791, 0, GPU-02ec26d3-2fcf-7527-1110-7120a701ec49, 2586 MiB
2026/09/16 11:49:14.891, 0, GPU-02ec26d3-2fcf-7527-1110-7120a701ec49, 2586 MiB
2026/09/16 11:49:14.991, 0, GPU-02ec26d3-2fcf-7527-1110-7120a701ec49, 2586 MiB
2026/09/16 11:49:15.092, 0, GPU-02ec26d3-2fcf-7527-1110-7120a701ec49, 2586 MiB
2026/09/16 11:49:15.192, 0, GPU-02ec26d3-2fcf-7527-1110-7120a701ec49, 2586 MiB
2026/09/16 11:49:15.292, 0, GPU-02ec26d3-2fcf-7527-1110-7120a701ec49, 2586 MiB
2026/09/16 11:49:15.392, 0, GPU-02ec26d3-2fcf-7527-1110-7120a701ec49, 2586 MiB
2026/09/16 11:49:15.493, 0, GPU-02ec26d3-2fcf-7527-1110-7120a701ec49, 2586 MiB
2026/09/16 11:49:15.593, 0, GPU-02ec26d3-2fcf-7527-1110-7120a701ec49, 2586 MiB
2026/09/16 11:49:15.693, 0, GPU-02ec26d3-2fcf-7527-1110-7120a701ec49, 2586 MiB
2026/09/16 11:49:15.794, 0, GPU-02ec26d3-2fcf-7527-1110-7120a701ec49, 2586 MiB
2026/09/16 11:49:15.894, 0, GPU-02ec26d3-2fcf-7527-1110-7120a701ec49, 2586 MiB
2026/09/16 11:49:15.994, 0, GPU-02ec26d3-2fcf-7527-1110-7120a701ec49, 2586 MiB
2026/09/16 11:49:16.095, 0, GPU-02ec26d3-2fcf-7527-1110-7120a701ec49, 2586 MiB
2026/09/16 11:49:16.195, 0, GPU-02ec26d3-2fcf-7527-1110-7120a701ec49, 2586 MiB
2026/09/16 11:49:16.295, 0, GPU-02ec26d3-2fcf-7527-1110-7120a701ec49, 2586 MiB
2026/09/16 11:49:16.396, 0, GPU-02ec26d3-2fcf-7527-1110-7120a701ec49, 2586 MiB
2026/09/16 11:49:16.496, 0, GPU-02ec26d3-2fcf-7527-1110-7120a701ec49, 2586 MiB
2026/09/16 11:49:16.596, 0, GPU-02ec26d3-2fcf-7527-1110-7120a701ec49, 2586 MiB
2026/09/16 11:49:16.696, 0, GPU-02ec26d3-2fcf-7527-1110-7120a701ec49, 2586 MiB
2026/09/16 11:49:16.797, 0, GPU-02ec26d3-2fcf-7527-1110-7120a701ec49, 2586 MiB
2026/09/16 11:49:16.897, 0, GPU-02ec26d3-2fcf-7527-1110-7120a701ec49, 2586 MiB
2026/09/16 11:49:16.997, 0, GPU-02ec26d3-2fcf-7527-1110-7120a701ec49, 2586 MiB
2026/09/16 11:49:17.098, 0, GPU-02ec26d3-2fcf-7527-1110-7120a701ec49, 2586 MiB
2026/09/16 11:49:17.198, 0, GPU-02ec26d3-2fcf-7527-1110-7120a701ec49, 2587 MiB
2026/09/16 11:49:17.298, 0, GPU-02ec26d3-2fcf-7527-1110-7120a701ec49, 2587 MiB
2026/09/16 11:49:17.399, 0, GPU-02ec26d3-2fcf-7527-1110-7120a701ec49, 2587 MiB
2026/09/16 11:49:17.499, 0, GPU-02ec26d3-2fcf-7527-1110-7120a701ec49, 2587 MiB
2026/09/16 11:49:17.599, 0, GPU-02ec26d3-2fcf-7527-1110-7120a701ec49, 2587 MiB
2026/09/16 11:49:17.700, 0, GPU-02ec26d3-2fcf-7527-1110-7120a701ec49, 2587 MiB
2026/09/16 11:49:17.800, 0, GPU-02ec26d3-2fcf-7527-1110-7120a701ec49, 2587 MiB
2026/09/16 11:49:17.900, 0, GPU-02ec26d3-2fcf-7527-1110-7120a701ec49, 2587 MiB
2026/09/16 11:49:18.000, 0, GPU-02ec26d3-2fcf-7527-1110-7120a701ec49, 2587 MiB
2026/09/16 11:49:18.101, 0, GPU-02ec26d3-2fcf-7527-1110-7120a701ec49, 2587 MiB
2026/09/16 11:49:18.201, 0, GPU-02ec26d3-2fcf-7527-1110-7120a701ec49, 2587 MiB
2026/09/16 11:49:18.301, 0, GPU-02ec26d3-2fcf-7527-1110-7120a701ec49, 2587 MiB
2026/09/16 11:49:18.402, 0, GPU-02ec26d3-2fcf-7527-1110-7120a701ec49, 2587 MiB
2026/09/16 11:49:18.502, 0, GPU-02ec26d3-2fcf-7527-1110-7120a701ec49, 2587 MiB
2026/09/16 11:49:18.602, 0, GPU-02ec26d3-2fcf-7527-1110-7120a701ec49, 2587 MiB
2026/09/16 11:49:18.703, 0, GPU-02ec26d3-2fcf-7527-1110-7120a701ec49, 2587 MiB
2026/09/16 11:49:18.803, 0, GPU-02ec26d3-2fcf-7527-1110-7120a701ec49, 2587 MiB
2026/09/16 11:49:18.903, 0, GPU-02ec26d3-2fcf-7527-1110-7120a701ec49, 2587 MiB
2026/09/16 11:49:19.004, 0, GPU-02ec26d3-2fcf-7527-1110-7120a701ec49, 2587 MiB
2026/09/16 11:49:19.104, 0, GPU-02ec26d3-2fcf-7527-1110-7120a701ec49, 2587 MiB
2026/09/16 11:49:19.204, 0, GPU-02ec26d3-2fcf-7527-1110-7120a701ec49, 2586 MiB
2026/09/16 11:49:19.305, 0, GPU-02ec26d3-2fcf-7527-1110-7120a701ec49, 2586 MiB
2026/09/16 11:49:19.405, 0, GPU-02ec26d3-2fcf-7527-1110-7120a701ec49, 2586 MiB
2026/09/16 11:49:19.505, 0, GPU-02ec26d3-2fcf-7527-1110-7120a701ec49, 2586 MiB
2026/09/16 11:49:19.606, 0, GPU-02ec26d3-2fcf-7527-1110-7120a701ec49, 2586 MiB
2026/09/16 11:49:19.706, 0, GPU-02ec26d3-2fcf-7527-1110-7120a701ec49, 2586 MiB
2026/09/16 11:49:19.806, 0, GPU-02ec26d3-2fcf-7527-1110-7120a701ec49, 2586 MiB
2026/09/16 11:49:19.907, 0, GPU-02ec26d3-2fcf-7527-1110-7120a701ec49, 2596 MiB
2026/09/16 11:49:20.007, 0, GPU-02ec26d3-2fcf-7527-1110-7120a701ec49, 2648 MiB
2026/09/16 11:49:20.107, 0, GPU-02ec26d3-2fcf-7527-1110-7120a701ec49, 2595 MiB
2026/09/16 11:49:20.207, 0, GPU-02ec26d3-2fcf-7527-1110-7120a701ec49, 2608 MiB
2026/09/16 11:49:20.308, 0, GPU-02ec26d3-2fcf-7527-1110-7120a701ec49, 2842 MiB
2026/09/16 11:49:20.408, 0, GPU-02ec26d3-2fcf-7527-1110-7120a701ec49, 2842 MiB
2026/09/16 11:49:20.508, 0, GPU-02ec26d3-2fcf-7527-1110-7120a701ec49, 2842 MiB
2026/09/16 11:49:20.609, 0, GPU-02ec26d3-2fcf-7527-1110-7120a701ec49, 2842 MiB
2026/09/16 11:49:20.709, 0, GPU-02ec26d3-2fcf-7527-1110-7120a701ec49, 2896 MiB
2026/09/16 11:49:20.809, 0, GPU-02ec26d3-2fcf-7527-1110-7120a701ec49, 2896 MiB
2026/09/16 11:49:20.910, 0, GPU-02ec26d3-2fcf-7527-1110-7120a701ec49, 2896 MiB
2026/09/16 11:49:21.010, 0, GPU-02ec26d3-2fcf-7527-1110-7120a701ec49, 2896 MiB
2026/09/16 11:49:21.111, 0, GPU-02ec26d3-2fcf-7527-1110-7120a701ec49, 2896 MiB
2026/09/16 11:49:21.211, 0, GPU-02ec26d3-2fcf-7527-1110-7120a701ec49, 2896 MiB
2026/09/16 11:49:21.311, 0, GPU-02ec26d3-2fcf-7527-1110-7120a701ec49, 2896 MiB
2026/09/16 11:49:21.411, 0, GPU-02ec26d3-2fcf-7527-1110-7120a701ec49, 2896 MiB
2026/09/16 11:49:21.512, 0, GPU-02ec26d3-2fcf-7527-1110-7120a701ec49, 2896 MiB
2026/09/16 11:49:21.612, 0, GPU-02ec26d3-2fcf-7527-1110-7120a701ec49, 2896 MiB
2026/09/16 11:49:21.712, 0, GPU-02ec26d3-2fcf-7527-1110-7120a701ec49, 2875 MiB
2026/09/16 11:49:21.813, 0, GPU-02ec26d3-2fcf-7527-1110-7120a701ec49, 2875 MiB
2026/09/16 11:49:21.913, 0, GPU-02ec26d3-2fcf-7527-1110-7120a701ec49, 2875 MiB
2026/09/16 11:49:22.013, 0, GPU-02ec26d3-2fcf-7527-1110-7120a701ec49, 2875 MiB
2026/09/16 11:49:22.114, 0, GPU-02ec26d3-2fcf-7527-1110-7120a701ec49, 2875 MiB
2026/09/16 11:49:22.214, 0, GPU-02ec26d3-2fcf-7527-1110-7120a701ec49, 2875 MiB
2026/09/16 11:49:22.314, 0, GPU-02ec26d3-2fcf-7527-1110-7120a701ec49, 2875 MiB
2026/09/16 11:49:22.415, 0, GPU-02ec26d3-2fcf-7527-1110-7120a701ec49, 2875 MiB
2026/09/16 11:49:22.515, 0, GPU-02ec26d3-2fcf-7527-1110-7120a701ec49, 2875 MiB
2026/09/16 11:49:22.615, 0, GPU-02ec26d3-2fcf-7527-1110-7120a701ec49, 2875 MiB
2026/09/16 11:49:22.716, 0, GPU-02ec26d3-2fcf-7527-1110-7120a701ec49, 2875 MiB
2026/09/16 11:49:22.816, 0, GPU-02ec26d3-2fcf-7527-1110-7120a701ec49, 2875 MiB
2026/09/16 11:49:22.916, 0, GPU-02ec26d3-2fcf-7527-1110-7120a701ec49, 2875 MiB
2026/09/16 11:49:23.017, 0, GPU-02ec26d3-2fcf-7527-1110-7120a701ec49, 2875 MiB
2026/09/16 11:49:23.117, 0, GPU-02ec26d3-2fcf-7527-1110-7120a701ec49, 2843 MiB
2026/09/16 11:49:23.217, 0, GPU-02ec26d3-2fcf-7527-1110-7120a701ec49, 2843 MiB
2026/09/16 11:49:23.318, 0, GPU-02ec26d3-2fcf-7527-1110-7120a701ec49, 2843 MiB
2026/09/16 11:49:23.418, 0, GPU-02ec26d3-2fcf-7527-1110-7120a701ec49, 2843 MiB
2026/09/16 11:49:23.518, 0, GPU-02ec26d3-2fcf-7527-1110-7120a701ec49, 2843 MiB
2026/09/16 11:49:23.618, 0, GPU-02ec26d3-2fcf-7527-1110-7120a701ec49, 2843 MiB
2026/09/16 11:49:23.719, 0, GPU-02ec26d3-2fcf-7527-1110-7120a701ec49, 2843 MiB
2026/09/16 11:49:23.819, 0, GPU-02ec26d3-2fcf-7527-1110-7120a701ec49, 2843 MiB
2026/09/16 11:49:23.919, 0, GPU-02ec26d3-2fcf-7527-1110-7120a701ec49, 2843 MiB
2026/09/16 11:49:24.020, 0, GPU-02ec26d3-2fcf-7527-1110-7120a701ec49, 2895 MiB
2026/09/16 11:49:24.120, 0, GPU-02ec26d3-2fcf-7527-1110-7120a701ec49, 2895 MiB
2026/09/16 11:49:24.220, 0, GPU-02ec26d3-2fcf-7527-1110-7120a701ec49, 2895 MiB
2026/09/16 11:49:24.321, 0, GPU-02ec26d3-2fcf-7527-1110-7120a701ec49, 2895 MiB
2026/09/16 11:49:24.421, 0, GPU-02ec26d3-2fcf-7527-1110-7120a701ec49, 2895 MiB
2026/09/16 11:49:24.521, 0, GPU-02ec26d3-2fcf-7527-1110-7120a701ec49, 2895 MiB
2026/09/16 11:49:24.622, 0, GPU-02ec26d3-2fcf-7527-1110-7120a701ec49, 2895 MiB
2026/09/16 11:49:24.722, 0, GPU-02ec26d3-2fcf-7527-1110-7120a701ec49, 2895 MiB
2026/09/16 11:49:24.822, 0, GPU-02ec26d3-2fcf-7527-1110-7120a701ec49, 2895 MiB
2026/09/16 11:49:24.923, 0, GPU-02ec26d3-2fcf-7527-1110-7120a701ec49, 2895 MiB
2026/09/16 11:49:25.023, 0, GPU-02ec26d3-2fcf-7527-1110-7120a701ec49, 2875 MiB
2026/09/16 11:49:25.123, 0, GPU-02ec26d3-2fcf-7527-1110-7120a701ec49, 2875 MiB
2026/09/16 11:49:25.224, 0, GPU-02ec26d3-2fcf-7527-1110-7120a701ec49, 2875 MiB
2026/09/16 11:49:25.324, 0, GPU-02ec26d3-2fcf-7527-1110-7120a701ec49, 2843 MiB
2026/09/16 11:49:25.424, 0, GPU-02ec26d3-2fcf-7527-1110-7120a701ec49, 2897 MiB
2026/09/16 11:49:25.524, 0, GPU-02ec26d3-2fcf-7527-1110-7120a701ec49, 2897 MiB
2026/09/16 11:49:25.625, 0, GPU-02ec26d3-2fcf-7527-1110-7120a701ec49, 2897 MiB
2026/09/16 11:49:25.725, 0, GPU-02ec26d3-2fcf-7527-1110-7120a701ec49, 2897 MiB
2026/09/16 11:49:25.825, 0, GPU-02ec26d3-2fcf-7527-1110-7120a701ec49, 2897 MiB
2026/09/16 11:49:25.926, 0, GPU-02ec26d3-2fcf-7527-1110-7120a701ec49, 2897 MiB
2026/09/16 11:49:26.026, 0, GPU-02ec26d3-2fcf-7527-1110-7120a701ec49, 2897 MiB
2026/09/16 11:49:26.126, 0, GPU-02ec26d3-2fcf-7527-1110-7120a701ec49, 2897 MiB
2026/09/16 11:49:26.227, 0, GPU-02ec26d3-2fcf-7527-1110-7120a701ec49, 2897 MiB
2026/09/16 11:49:26.327, 0, GPU-02ec26d3-2fcf-7527-1110-7120a701ec49, 2897 MiB
2026/09/16 11:49:26.427, 0, GPU-02ec26d3-2fcf-7527-1110-7120a701ec49, 2876 MiB
2026/09/16 11:49:26.528, 0, GPU-02ec26d3-2fcf-7527-1110-7120a701ec49, 2876 MiB
2026/09/16 11:49:26.628, 0, GPU-02ec26d3-2fcf-7527-1110-7120a701ec49, 2876 MiB
2026/09/16 11:49:26.728, 0, GPU-02ec26d3-2fcf-7527-1110-7120a701ec49, 2844 MiB
2026/09/16 11:49:26.829, 0, GPU-02ec26d3-2fcf-7527-1110-7120a701ec49, 2898 MiB
2026/09/16 11:49:26.929, 0, GPU-02ec26d3-2fcf-7527-1110-7120a701ec49, 2898 MiB
2026/09/16 11:49:27.029, 0, GPU-02ec26d3-2fcf-7527-1110-7120a701ec49, 2898 MiB
2026/09/16 11:49:27.130, 0, GPU-02ec26d3-2fcf-7527-1110-7120a701ec49, 2898 MiB
2026/09/16 11:49:27.230, 0, GPU-02ec26d3-2fcf-7527-1110-7120a701ec49, 2898 MiB
2026/09/16 11:49:27.330, 0, GPU-02ec26d3-2fcf-7527-1110-7120a701ec49, 2898 MiB
2026/09/16 11:49:27.430, 0, GPU-02ec26d3-2fcf-7527-1110-7120a701ec49, 2898 MiB
2026/09/16 11:49:27.531, 0, GPU-02ec26d3-2fcf-7527-1110-7120a701ec49, 2898 MiB
2026/09/16 11:49:27.631, 0, GPU-02ec26d3-2fcf-7527-1110-7120a701ec49, 2898 MiB
2026/09/16 11:49:27.732, 0, GPU-02ec26d3-2fcf-7527-1110-7120a701ec49, 2898 MiB
2026/09/16 11:49:27.833, 0, GPU-02ec26d3-2fcf-7527-1110-7120a701ec49, 2877 MiB
2026/09/16 11:49:27.934, 0, GPU-02ec26d3-2fcf-7527-1110-7120a701ec49, 2877 MiB
2026/09/16 11:49:28.034, 0, GPU-02ec26d3-2fcf-7527-1110-7120a701ec49, 2877 MiB
2026/09/16 11:49:28.135, 0, GPU-02ec26d3-2fcf-7527-1110-7120a701ec49, 2845 MiB
2026/09/16 11:49:28.235, 0, GPU-02ec26d3-2fcf-7527-1110-7120a701ec49, 2898 MiB
2026/09/16 11:49:28.335, 0, GPU-02ec26d3-2fcf-7527-1110-7120a701ec49, 2898 MiB
2026/09/16 11:49:28.435, 0, GPU-02ec26d3-2fcf-7527-1110-7120a701ec49, 2898 MiB
2026/09/16 11:49:28.536, 0, GPU-02ec26d3-2fcf-7527-1110-7120a701ec49, 2898 MiB
2026/09/16 11:49:28.636, 0, GPU-02ec26d3-2fcf-7527-1110-7120a701ec49, 2898 MiB
2026/09/16 11:49:28.736, 0, GPU-02ec26d3-2fcf-7527-1110-7120a701ec49, 2898 MiB
2026/09/16 11:49:28.837, 0, GPU-02ec26d3-2fcf-7527-1110-7120a701ec49, 2898 MiB
2026/09/16 11:49:28.937, 0, GPU-02ec26d3-2fcf-7527-1110-7120a701ec49, 2898 MiB
2026/09/16 11:49:29.037, 0, GPU-02ec26d3-2fcf-7527-1110-7120a701ec49, 2898 MiB
2026/09/16 11:49:29.138, 0, GPU-02ec26d3-2fcf-7527-1110-7120a701ec49, 2898 MiB
2026/09/16 11:49:29.238, 0, GPU-02ec26d3-2fcf-7527-1110-7120a701ec49, 2877 MiB
2026/09/16 11:49:29.338, 0, GPU-02ec26d3-2fcf-7527-1110-7120a701ec49, 2877 MiB
2026/09/16 11:49:29.439, 0, GPU-02ec26d3-2fcf-7527-1110-7120a701ec49, 2877 MiB
2026/09/16 11:49:29.540, 0, GPU-02ec26d3-2fcf-7527-1110-7120a701ec49, 2877 MiB
2026/09/16 11:49:29.640, 0, GPU-02ec26d3-2fcf-7527-1110-7120a701ec49, 2877 MiB
2026/09/16 11:49:29.740, 0, GPU-02ec26d3-2fcf-7527-1110-7120a701ec49, 3139 MiB
2026/09/16 11:49:29.840, 0, GPU-02ec26d3-2fcf-7527-1110-7120a701ec49, 4173 MiB
2026/09/16 11:49:29.941, 0, GPU-02ec26d3-2fcf-7527-1110-7120a701ec49, 4358 MiB
2026/09/16 11:49:30.041, 0, GPU-02ec26d3-2fcf-7527-1110-7120a701ec49, 5008 MiB
2026/09/16 11:49:30.141, 0, GPU-02ec26d3-2fcf-7527-1110-7120a701ec49, 5008 MiB
2026/09/16 11:49:30.242, 0, GPU-02ec26d3-2fcf-7527-1110-7120a701ec49, 5008 MiB
2026/09/16 11:49:30.342, 0, GPU-02ec26d3-2fcf-7527-1110-7120a701ec49, 5008 MiB
2026/09/16 11:49:30.442, 0, GPU-02ec26d3-2fcf-7527-1110-7120a701ec49, 5008 MiB
2026/09/16 11:49:30.542, 0, GPU-02ec26d3-2fcf-7527-1110-7120a701ec49, 5008 MiB
2026/09/16 11:49:30.643, 0, GPU-02ec26d3-2fcf-7527-1110-7120a701ec49, 5008 MiB
2026/09/16 11:49:30.743, 0, GPU-02ec26d3-2fcf-7527-1110-7120a701ec49, 5008 MiB
2026/09/16 11:49:30.843, 0, GPU-02ec26d3-2fcf-7527-1110-7120a701ec49, 5008 MiB
2026/09/16 11:49:30.944, 0, GPU-02ec26d3-2fcf-7527-1110-7120a701ec49, 4987 MiB
2026/09/16 11:49:31.044, 0, GPU-02ec26d3-2fcf-7527-1110-7120a701ec49, 4987 MiB
2026/09/16 11:49:31.144, 0, GPU-02ec26d3-2fcf-7527-1110-7120a701ec49, 4987 MiB
2026/09/16 11:49:31.245, 0, GPU-02ec26d3-2fcf-7527-1110-7120a701ec49, 4987 MiB
2026/09/16 11:49:31.345, 0, GPU-02ec26d3-2fcf-7527-1110-7120a701ec49, 4987 MiB
2026/09/16 11:49:31.445, 0, GPU-02ec26d3-2fcf-7527-1110-7120a701ec49, 4987 MiB
2026/09/16 11:49:31.545, 0, GPU-02ec26d3-2fcf-7527-1110-7120a701ec49, 4987 MiB
2026/09/16 11:49:31.646, 0, GPU-02ec26d3-2fcf-7527-1110-7120a701ec49, 4987 MiB
2026/09/16 11:49:31.746, 0, GPU-02ec26d3-2fcf-7527-1110-7120a701ec49, 4987 MiB
2026/09/16 11:49:31.847, 0, GPU-02ec26d3-2fcf-7527-1110-7120a701ec49, 4987 MiB
2026/09/16 11:49:31.947, 0, GPU-02ec26d3-2fcf-7527-1110-7120a701ec49, 4987 MiB
2026/09/16 11:49:32.047, 0, GPU-02ec26d3-2fcf-7527-1110-7120a701ec49, 4987 MiB
2026/09/16 11:49:32.147, 0, GPU-02ec26d3-2fcf-7527-1110-7120a701ec49, 4987 MiB
2026/09/16 11:49:32.248, 0, GPU-02ec26d3-2fcf-7527-1110-7120a701ec49, 4987 MiB
2026/09/16 11:49:32.348, 0, GPU-02ec26d3-2fcf-7527-1110-7120a701ec49, 4987 MiB
2026/09/16 11:49:32.448, 0, GPU-02ec26d3-2fcf-7527-1110-7120a701ec49, 4987 MiB
2026/09/16 11:49:32.549, 0, GPU-02ec26d3-2fcf-7527-1110-7120a701ec49, 4987 MiB
2026/09/16 11:49:32.649, 0, GPU-02ec26d3-2fcf-7527-1110-7120a701ec49, 5008 MiB
2026/09/16 11:49:32.749, 0, GPU-02ec26d3-2fcf-7527-1110-7120a701ec49, 5008 MiB
2026/09/16 11:49:32.850, 0, GPU-02ec26d3-2fcf-7527-1110-7120a701ec49, 5008 MiB
2026/09/16 11:49:32.950, 0, GPU-02ec26d3-2fcf-7527-1110-7120a701ec49, 5008 MiB
2026/09/16 11:49:33.050, 0, GPU-02ec26d3-2fcf-7527-1110-7120a701ec49, 5008 MiB
2026/09/16 11:49:33.151, 0, GPU-02ec26d3-2fcf-7527-1110-7120a701ec49, 5008 MiB
2026/09/16 11:49:33.251, 0, GPU-02ec26d3-2fcf-7527-1110-7120a701ec49, 5008 MiB
2026/09/16 11:49:33.351, 0, GPU-02ec26d3-2fcf-7527-1110-7120a701ec49, 5008 MiB
2026/09/16 11:49:33.451, 0, GPU-02ec26d3-2fcf-7527-1110-7120a701ec49, 5008 MiB
2026/09/16 11:49:33.552, 0, GPU-02ec26d3-2fcf-7527-1110-7120a701ec49, 5008 MiB
2026/09/16 11:49:33.652, 0, GPU-02ec26d3-2fcf-7527-1110-7120a701ec49, 4986 MiB
2026/09/16 11:49:33.752, 0, GPU-02ec26d3-2fcf-7527-1110-7120a701ec49, 4986 MiB
2026/09/16 11:49:33.853, 0, GPU-02ec26d3-2fcf-7527-1110-7120a701ec49, 4986 MiB
2026/09/16 11:49:33.953, 0, GPU-02ec26d3-2fcf-7527-1110-7120a701ec49, 4986 MiB
2026/09/16 11:49:34.053, 0, GPU-02ec26d3-2fcf-7527-1110-7120a701ec49, 4986 MiB
2026/09/16 11:49:34.154, 0, GPU-02ec26d3-2fcf-7527-1110-7120a701ec49, 4986 MiB
2026/09/16 11:49:34.254, 0, GPU-02ec26d3-2fcf-7527-1110-7120a701ec49, 4986 MiB
2026/09/16 11:49:34.354, 0, GPU-02ec26d3-2fcf-7527-1110-7120a701ec49, 4986 MiB
2026/09/16 11:49:34.455, 0, GPU-02ec26d3-2fcf-7527-1110-7120a701ec49, 4986 MiB
2026/09/16 11:49:34.555, 0, GPU-02ec26d3-2fcf-7527-1110-7120a701ec49, 4986 MiB
2026/09/16 11:49:34.655, 0, GPU-02ec26d3-2fcf-7527-1110-7120a701ec49, 4986 MiB
2026/09/16 11:49:34.756, 0, GPU-02ec26d3-2fcf-7527-1110-7120a701ec49, 4986 MiB
2026/09/16 11:49:34.856, 0, GPU-02ec26d3-2fcf-7527-1110-7120a701ec49, 4984 MiB
2026/09/16 11:49:34.956, 0, GPU-02ec26d3-2fcf-7527-1110-7120a701ec49, 4984 MiB
2026/09/16 11:49:35.056, 0, GPU-02ec26d3-2fcf-7527-1110-7120a701ec49, 4984 MiB
2026/09/16 11:49:35.157, 0, GPU-02ec26d3-2fcf-7527-1110-7120a701ec49, 4984 MiB
2026/09/16 11:49:35.257, 0, GPU-02ec26d3-2fcf-7527-1110-7120a701ec49, 4984 MiB
2026/09/16 11:49:35.358, 0, GPU-02ec26d3-2fcf-7527-1110-7120a701ec49, 4984 MiB
2026/09/16 11:49:35.459, 0, GPU-02ec26d3-2fcf-7527-1110-7120a701ec49, 4952 MiB
2026/09/16 11:49:35.559, 0, GPU-02ec26d3-2fcf-7527-1110-7120a701ec49, 4952 MiB
2026/09/16 11:49:35.659, 0, GPU-02ec26d3-2fcf-7527-1110-7120a701ec49, 5004 MiB
2026/09/16 11:49:35.760, 0, GPU-02ec26d3-2fcf-7527-1110-7120a701ec49, 5004 MiB
2026/09/16 11:49:35.860, 0, GPU-02ec26d3-2fcf-7527-1110-7120a701ec49, 5004 MiB
2026/09/16 11:49:35.960, 0, GPU-02ec26d3-2fcf-7527-1110-7120a701ec49, 5004 MiB
2026/09/16 11:49:36.061, 0, GPU-02ec26d3-2fcf-7527-1110-7120a701ec49, 5004 MiB
2026/09/16 11:49:36.161, 0, GPU-02ec26d3-2fcf-7527-1110-7120a701ec49, 5004 MiB
2026/09/16 11:49:36.261, 0, GPU-02ec26d3-2fcf-7527-1110-7120a701ec49, 5004 MiB
2026/09/16 11:49:36.361, 0, GPU-02ec26d3-2fcf-7527-1110-7120a701ec49, 5004 MiB
2026/09/16 11:49:36.462, 0, GPU-02ec26d3-2fcf-7527-1110-7120a701ec49, 5004 MiB
2026/09/16 11:49:36.562, 0, GPU-02ec26d3-2fcf-7527-1110-7120a701ec49, 5004 MiB
2026/09/16 11:49:36.662, 0, GPU-02ec26d3-2fcf-7527-1110-7120a701ec49, 4984 MiB
2026/09/16 11:49:36.763, 0, GPU-02ec26d3-2fcf-7527-1110-7120a701ec49, 4984 MiB
2026/09/16 11:49:36.863, 0, GPU-02ec26d3-2fcf-7527-1110-7120a701ec49, 4984 MiB
2026/09/16 11:49:36.963, 0, GPU-02ec26d3-2fcf-7527-1110-7120a701ec49, 4984 MiB
2026/09/16 11:49:37.063, 0, GPU-02ec26d3-2fcf-7527-1110-7120a701ec49, 4984 MiB
2026/09/16 11:49:37.164, 0, GPU-02ec26d3-2fcf-7527-1110-7120a701ec49, 4984 MiB
2026/09/16 11:49:37.264, 0, GPU-02ec26d3-2fcf-7527-1110-7120a701ec49, 4984 MiB
2026/09/16 11:49:37.364, 0, GPU-02ec26d3-2fcf-7527-1110-7120a701ec49, 4984 MiB
2026/09/16 11:49:37.465, 0, GPU-02ec26d3-2fcf-7527-1110-7120a701ec49, 4984 MiB
2026/09/16 11:49:37.565, 0, GPU-02ec26d3-2fcf-7527-1110-7120a701ec49, 4984 MiB
2026/09/16 11:49:37.665, 0, GPU-02ec26d3-2fcf-7527-1110-7120a701ec49, 4984 MiB
2026/09/16 11:49:37.766, 0, GPU-02ec26d3-2fcf-7527-1110-7120a701ec49, 4984 MiB
2026/09/16 11:49:37.866, 0, GPU-02ec26d3-2fcf-7527-1110-7120a701ec49, 4984 MiB
2026/09/16 11:49:37.966, 0, GPU-02ec26d3-2fcf-7527-1110-7120a701ec49, 4984 MiB
2026/09/16 11:49:38.067, 0, GPU-02ec26d3-2fcf-7527-1110-7120a701ec49, 4984 MiB
2026/09/16 11:49:38.167, 0, GPU-02ec26d3-2fcf-7527-1110-7120a701ec49, 4984 MiB
2026/09/16 11:49:38.267, 0, GPU-02ec26d3-2fcf-7527-1110-7120a701ec49, 4984 MiB
2026/09/16 11:49:38.367, 0, GPU-02ec26d3-2fcf-7527-1110-7120a701ec49, 4984 MiB
2026/09/16 11:49:38.468, 0, GPU-02ec26d3-2fcf-7527-1110-7120a701ec49, 4984 MiB
2026/09/16 11:49:38.568, 0, GPU-02ec26d3-2fcf-7527-1110-7120a701ec49, 4984 MiB
2026/09/16 11:49:38.668, 0, GPU-02ec26d3-2fcf-7527-1110-7120a701ec49, 4984 MiB
2026/09/16 11:49:38.769, 0, GPU-02ec26d3-2fcf-7527-1110-7120a701ec49, 4984 MiB
2026/09/16 11:49:38.869, 0, GPU-02ec26d3-2fcf-7527-1110-7120a701ec49, 4984 MiB
2026/09/16 11:49:38.969, 0, GPU-02ec26d3-2fcf-7527-1110-7120a701ec49, 4952 MiB
2026/09/16 11:49:39.069, 0, GPU-02ec26d3-2fcf-7527-1110-7120a701ec49, 5004 MiB
2026/09/16 11:49:39.170, 0, GPU-02ec26d3-2fcf-7527-1110-7120a701ec49, 5004 MiB
2026/09/16 11:49:39.270, 0, GPU-02ec26d3-2fcf-7527-1110-7120a701ec49, 5004 MiB
2026/09/16 11:49:39.370, 0, GPU-02ec26d3-2fcf-7527-1110-7120a701ec49, 5004 MiB
2026/09/16 11:49:39.471, 0, GPU-02ec26d3-2fcf-7527-1110-7120a701ec49, 5004 MiB
2026/09/16 11:49:39.571, 0, GPU-02ec26d3-2fcf-7527-1110-7120a701ec49, 5004 MiB
2026/09/16 11:49:39.671, 0, GPU-02ec26d3-2fcf-7527-1110-7120a701ec49, 5004 MiB
2026/09/16 11:49:39.772, 0, GPU-02ec26d3-2fcf-7527-1110-7120a701ec49, 5004 MiB
2026/09/16 11:49:39.872, 0, GPU-02ec26d3-2fcf-7527-1110-7120a701ec49, 5004 MiB
2026/09/16 11:49:39.972, 0, GPU-02ec26d3-2fcf-7527-1110-7120a701ec49, 5004 MiB
2026/09/16 11:49:40.072, 0, GPU-02ec26d3-2fcf-7527-1110-7120a701ec49, 4984 MiB
2026/09/16 11:49:40.173, 0, GPU-02ec26d3-2fcf-7527-1110-7120a701ec49, 4984 MiB
2026/09/16 11:49:40.273, 0, GPU-02ec26d3-2fcf-7527-1110-7120a701ec49, 4984 MiB
2026/09/16 11:49:40.373, 0, GPU-02ec26d3-2fcf-7527-1110-7120a701ec49, 4952 MiB
2026/09/16 11:49:40.474, 0, GPU-02ec26d3-2fcf-7527-1110-7120a701ec49, 5004 MiB
2026/09/16 11:49:40.574, 0, GPU-02ec26d3-2fcf-7527-1110-7120a701ec49, 5004 MiB
2026/09/16 11:49:40.674, 0, GPU-02ec26d3-2fcf-7527-1110-7120a701ec49, 5004 MiB
2026/09/16 11:49:40.775, 0, GPU-02ec26d3-2fcf-7527-1110-7120a701ec49, 5004 MiB
2026/09/16 11:49:40.875, 0, GPU-02ec26d3-2fcf-7527-1110-7120a701ec49, 5004 MiB
2026/09/16 11:49:40.975, 0, GPU-02ec26d3-2fcf-7527-1110-7120a701ec49, 5004 MiB
2026/09/16 11:49:41.076, 0, GPU-02ec26d3-2fcf-7527-1110-7120a701ec49, 5004 MiB
2026/09/16 11:49:41.176, 0, GPU-02ec26d3-2fcf-7527-1110-7120a701ec49, 5004 MiB
2026/09/16 11:49:41.276, 0, GPU-02ec26d3-2fcf-7527-1110-7120a701ec49, 5004 MiB
2026/09/16 11:49:41.377, 0, GPU-02ec26d3-2fcf-7527-1110-7120a701ec49, 5004 MiB
2026/09/16 11:49:41.477, 0, GPU-02ec26d3-2fcf-7527-1110-7120a701ec49, 4984 MiB
2026/09/16 11:49:41.578, 0, GPU-02ec26d3-2fcf-7527-1110-7120a701ec49, 4984 MiB
2026/09/16 11:49:41.679, 0, GPU-02ec26d3-2fcf-7527-1110-7120a701ec49, 4984 MiB
2026/09/16 11:49:41.780, 0, GPU-02ec26d3-2fcf-7527-1110-7120a701ec49, 4984 MiB
2026/09/16 11:49:41.881, 0, GPU-02ec26d3-2fcf-7527-1110-7120a701ec49, 4984 MiB
2026/09/16 11:49:41.981, 0, GPU-02ec26d3-2fcf-7527-1110-7120a701ec49, 4984 MiB
2026/09/16 11:49:42.081, 0, GPU-02ec26d3-2fcf-7527-1110-7120a701ec49, 4984 MiB
2026/09/16 11:49:42.182, 0, GPU-02ec26d3-2fcf-7527-1110-7120a701ec49, 4984 MiB
2026/09/16 11:49:42.282, 0, GPU-02ec26d3-2fcf-7527-1110-7120a701ec49, 4984 MiB
2026/09/16 11:49:42.382, 0, GPU-02ec26d3-2fcf-7527-1110-7120a701ec49, 4984 MiB
2026/09/16 11:49:42.483, 0, GPU-02ec26d3-2fcf-7527-1110-7120a701ec49, 4984 MiB
2026/09/16 11:49:42.583, 0, GPU-02ec26d3-2fcf-7527-1110-7120a701ec49, 4952 MiB
2026/09/16 11:49:42.684, 0, GPU-02ec26d3-2fcf-7527-1110-7120a701ec49, 5005 MiB
2026/09/16 11:49:42.784, 0, GPU-02ec26d3-2fcf-7527-1110-7120a701ec49, 5005 MiB
2026/09/16 11:49:42.884, 0, GPU-02ec26d3-2fcf-7527-1110-7120a701ec49, 5005 MiB
2026/09/16 11:49:42.985, 0, GPU-02ec26d3-2fcf-7527-1110-7120a701ec49, 5005 MiB
2026/09/16 11:49:43.085, 0, GPU-02ec26d3-2fcf-7527-1110-7120a701ec49, 5005 MiB
2026/09/16 11:49:43.185, 0, GPU-02ec26d3-2fcf-7527-1110-7120a701ec49, 5005 MiB
2026/09/16 11:49:43.286, 0, GPU-02ec26d3-2fcf-7527-1110-7120a701ec49, 5005 MiB
2026/09/16 11:49:43.386, 0, GPU-02ec26d3-2fcf-7527-1110-7120a701ec49, 5005 MiB
2026/09/16 11:49:43.486, 0, GPU-02ec26d3-2fcf-7527-1110-7120a701ec49, 5005 MiB
2026/09/16 11:49:43.587, 0, GPU-02ec26d3-2fcf-7527-1110-7120a701ec49, 5005 MiB
2026/09/16 11:49:43.687, 0, GPU-02ec26d3-2fcf-7527-1110-7120a701ec49, 4985 MiB
2026/09/16 11:49:43.787, 0, GPU-02ec26d3-2fcf-7527-1110-7120a701ec49, 4985 MiB
2026/09/16 11:49:43.888, 0, GPU-02ec26d3-2fcf-7527-1110-7120a701ec49, 4985 MiB
2026/09/16 11:49:43.988, 0, GPU-02ec26d3-2fcf-7527-1110-7120a701ec49, 4953 MiB
2026/09/16 11:49:44.088, 0, GPU-02ec26d3-2fcf-7527-1110-7120a701ec49, 5005 MiB
2026/09/16 11:49:44.189, 0, GPU-02ec26d3-2fcf-7527-1110-7120a701ec49, 5005 MiB
2026/09/16 11:49:44.289, 0, GPU-02ec26d3-2fcf-7527-1110-7120a701ec49, 5005 MiB
2026/09/16 11:49:44.389, 0, GPU-02ec26d3-2fcf-7527-1110-7120a701ec49, 5005 MiB
2026/09/16 11:49:44.490, 0, GPU-02ec26d3-2fcf-7527-1110-7120a701ec49, 5005 MiB
2026/09/16 11:49:44.590, 0, GPU-02ec26d3-2fcf-7527-1110-7120a701ec49, 5005 MiB
2026/09/16 11:49:44.690, 0, GPU-02ec26d3-2fcf-7527-1110-7120a701ec49, 5005 MiB
2026/09/16 11:49:44.791, 0, GPU-02ec26d3-2fcf-7527-1110-7120a701ec49, 5005 MiB
2026/09/16 11:49:44.891, 0, GPU-02ec26d3-2fcf-7527-1110-7120a701ec49, 5005 MiB
2026/09/16 11:49:44.991, 0, GPU-02ec26d3-2fcf-7527-1110-7120a701ec49, 5005 MiB
2026/09/16 11:49:45.092, 0, GPU-02ec26d3-2fcf-7527-1110-7120a701ec49, 4985 MiB
2026/09/16 11:49:45.192, 0, GPU-02ec26d3-2fcf-7527-1110-7120a701ec49, 4985 MiB
2026/09/16 11:49:45.292, 0, GPU-02ec26d3-2fcf-7527-1110-7120a701ec49, 4985 MiB
2026/09/16 11:49:45.393, 0, GPU-02ec26d3-2fcf-7527-1110-7120a701ec49, 4985 MiB
2026/09/16 11:49:45.493, 0, GPU-02ec26d3-2fcf-7527-1110-7120a701ec49, 4985 MiB
2026/09/16 11:49:45.594, 0, GPU-02ec26d3-2fcf-7527-1110-7120a701ec49, 4985 MiB
2026/09/16 11:49:45.694, 0, GPU-02ec26d3-2fcf-7527-1110-7120a701ec49, 4985 MiB
2026/09/16 11:49:45.794, 0, GPU-02ec26d3-2fcf-7527-1110-7120a701ec49, 4985 MiB
2026/09/16 11:49:45.895, 0, GPU-02ec26d3-2fcf-7527-1110-7120a701ec49, 4985 MiB
2026/09/16 11:49:45.995, 0, GPU-02ec26d3-2fcf-7527-1110-7120a701ec49, 4985 MiB
2026/09/16 11:49:46.095, 0, GPU-02ec26d3-2fcf-7527-1110-7120a701ec49, 4985 MiB
2026/09/16 11:49:46.196, 0, GPU-02ec26d3-2fcf-7527-1110-7120a701ec49, 4985 MiB
2026/09/16 11:49:46.296, 0, GPU-02ec26d3-2fcf-7527-1110-7120a701ec49, 4985 MiB
2026/09/16 11:49:46.396, 0, GPU-02ec26d3-2fcf-7527-1110-7120a701ec49, 4989 MiB
2026/09/16 11:49:46.497, 0, GPU-02ec26d3-2fcf-7527-1110-7120a701ec49, 5279 MiB
2026/09/16 11:49:46.597, 0, GPU-02ec26d3-2fcf-7527-1110-7120a701ec49, 5747 MiB
2026/09/16 11:49:46.697, 0, GPU-02ec26d3-2fcf-7527-1110-7120a701ec49, 6187 MiB
2026/09/16 11:49:46.798, 0, GPU-02ec26d3-2fcf-7527-1110-7120a701ec49, 6595 MiB
2026/09/16 11:49:46.898, 0, GPU-02ec26d3-2fcf-7527-1110-7120a701ec49, 7051 MiB
2026/09/16 11:49:46.998, 0, GPU-02ec26d3-2fcf-7527-1110-7120a701ec49, 7493 MiB
2026/09/16 11:49:47.098, 0, GPU-02ec26d3-2fcf-7527-1110-7120a701ec49, 7957 MiB
2026/09/16 11:49:47.199, 0, GPU-02ec26d3-2fcf-7527-1110-7120a701ec49, 8407 MiB
2026/09/16 11:49:47.299, 0, GPU-02ec26d3-2fcf-7527-1110-7120a701ec49, 8429 MiB
2026/09/16 11:49:47.399, 0, GPU-02ec26d3-2fcf-7527-1110-7120a701ec49, 8539 MiB
2026/09/16 11:49:47.499, 0, GPU-02ec26d3-2fcf-7527-1110-7120a701ec49, 8635 MiB
2026/09/16 11:49:47.600, 0, GPU-02ec26d3-2fcf-7527-1110-7120a701ec49, 8635 MiB
2026/09/16 11:49:47.700, 0, GPU-02ec26d3-2fcf-7527-1110-7120a701ec49, 8635 MiB
2026/09/16 11:49:47.800, 0, GPU-02ec26d3-2fcf-7527-1110-7120a701ec49, 8635 MiB
2026/09/16 11:49:47.901, 0, GPU-02ec26d3-2fcf-7527-1110-7120a701ec49, 8635 MiB
2026/09/16 11:49:48.001, 0, GPU-02ec26d3-2fcf-7527-1110-7120a701ec49, 8637 MiB
2026/09/16 11:49:48.101, 0, GPU-02ec26d3-2fcf-7527-1110-7120a701ec49, 8637 MiB
2026/09/16 11:49:48.201, 0, GPU-02ec26d3-2fcf-7527-1110-7120a701ec49, 8605 MiB
2026/09/16 11:49:48.302, 0, GPU-02ec26d3-2fcf-7527-1110-7120a701ec49, 8638 MiB
2026/09/16 11:49:48.402, 0, GPU-02ec26d3-2fcf-7527-1110-7120a701ec49, 8638 MiB
2026/09/16 11:49:48.502, 0, GPU-02ec26d3-2fcf-7527-1110-7120a701ec49, 8638 MiB
2026/09/16 11:49:48.603, 0, GPU-02ec26d3-2fcf-7527-1110-7120a701ec49, 8638 MiB
2026/09/16 11:49:48.703, 0, GPU-02ec26d3-2fcf-7527-1110-7120a701ec49, 8638 MiB
2026/09/16 11:49:48.803, 0, GPU-02ec26d3-2fcf-7527-1110-7120a701ec49, 8638 MiB
2026/09/16 11:49:48.904, 0, GPU-02ec26d3-2fcf-7527-1110-7120a701ec49, 8638 MiB
2026/09/16 11:49:49.004, 0, GPU-02ec26d3-2fcf-7527-1110-7120a701ec49, 8638 MiB
2026/09/16 11:49:49.104, 0, GPU-02ec26d3-2fcf-7527-1110-7120a701ec49, 8638 MiB
2026/09/16 11:49:49.204, 0, GPU-02ec26d3-2fcf-7527-1110-7120a701ec49, 8638 MiB
2026/09/16 11:49:49.305, 0, GPU-02ec26d3-2fcf-7527-1110-7120a701ec49, 8638 MiB
2026/09/16 11:49:49.405, 0, GPU-02ec26d3-2fcf-7527-1110-7120a701ec49, 8638 MiB
2026/09/16 11:49:49.505, 0, GPU-02ec26d3-2fcf-7527-1110-7120a701ec49, 8638 MiB
2026/09/16 11:49:49.605, 0, GPU-02ec26d3-2fcf-7527-1110-7120a701ec49, 8616 MiB
2026/09/16 11:49:49.706, 0, GPU-02ec26d3-2fcf-7527-1110-7120a701ec49, 8616 MiB
2026/09/16 11:49:49.806, 0, GPU-02ec26d3-2fcf-7527-1110-7120a701ec49, 8618 MiB
2026/09/16 11:49:49.906, 0, GPU-02ec26d3-2fcf-7527-1110-7120a701ec49, 8618 MiB
2026/09/16 11:49:50.006, 0, GPU-02ec26d3-2fcf-7527-1110-7120a701ec49, 8712 MiB
2026/09/16 11:49:50.107, 0, GPU-02ec26d3-2fcf-7527-1110-7120a701ec49, 8714 MiB
2026/09/16 11:49:50.207, 0, GPU-02ec26d3-2fcf-7527-1110-7120a701ec49, 8884 MiB
2026/09/16 11:49:50.307, 0, GPU-02ec26d3-2fcf-7527-1110-7120a701ec49, 8884 MiB
2026/09/16 11:49:50.408, 0, GPU-02ec26d3-2fcf-7527-1110-7120a701ec49, 8884 MiB
2026/09/16 11:49:50.508, 0, GPU-02ec26d3-2fcf-7527-1110-7120a701ec49, 9574 MiB
2026/09/16 11:49:50.608, 0, GPU-02ec26d3-2fcf-7527-1110-7120a701ec49, 9574 MiB
2026/09/16 11:49:50.708, 0, GPU-02ec26d3-2fcf-7527-1110-7120a701ec49, 9574 MiB
2026/09/16 11:49:50.809, 0, GPU-02ec26d3-2fcf-7527-1110-7120a701ec49, 9543 MiB
2026/09/16 11:49:50.909, 0, GPU-02ec26d3-2fcf-7527-1110-7120a701ec49, 9595 MiB
2026/09/16 11:49:51.009, 0, GPU-02ec26d3-2fcf-7527-1110-7120a701ec49, 9595 MiB
2026/09/16 11:49:51.110, 0, GPU-02ec26d3-2fcf-7527-1110-7120a701ec49, 9595 MiB
2026/09/16 11:49:51.210, 0, GPU-02ec26d3-2fcf-7527-1110-7120a701ec49, 9595 MiB
2026/09/16 11:49:51.310, 0, GPU-02ec26d3-2fcf-7527-1110-7120a701ec49, 9595 MiB
2026/09/16 11:49:51.411, 0, GPU-02ec26d3-2fcf-7527-1110-7120a701ec49, 9595 MiB
2026/09/16 11:49:51.511, 0, GPU-02ec26d3-2fcf-7527-1110-7120a701ec49, 9595 MiB
2026/09/16 11:49:51.611, 0, GPU-02ec26d3-2fcf-7527-1110-7120a701ec49, 9595 MiB
2026/09/16 11:49:51.711, 0, GPU-02ec26d3-2fcf-7527-1110-7120a701ec49, 9595 MiB
2026/09/16 11:49:51.812, 0, GPU-02ec26d3-2fcf-7527-1110-7120a701ec49, 9595 MiB
2026/09/16 11:49:51.912, 0, GPU-02ec26d3-2fcf-7527-1110-7120a701ec49, 9574 MiB
2026/09/16 11:49:52.012, 0, GPU-02ec26d3-2fcf-7527-1110-7120a701ec49, 9574 MiB
2026/09/16 11:49:52.112, 0, GPU-02ec26d3-2fcf-7527-1110-7120a701ec49, 9574 MiB
2026/09/16 11:49:52.213, 0, GPU-02ec26d3-2fcf-7527-1110-7120a701ec49, 9574 MiB
2026/09/16 11:49:52.313, 0, GPU-02ec26d3-2fcf-7527-1110-7120a701ec49, 9574 MiB
2026/09/16 11:49:52.413, 0, GPU-02ec26d3-2fcf-7527-1110-7120a701ec49, 9574 MiB
2026/09/16 11:49:52.514, 0, GPU-02ec26d3-2fcf-7527-1110-7120a701ec49, 9574 MiB
2026/09/16 11:49:52.614, 0, GPU-02ec26d3-2fcf-7527-1110-7120a701ec49, 9574 MiB
2026/09/16 11:49:52.714, 0, GPU-02ec26d3-2fcf-7527-1110-7120a701ec49, 9574 MiB
2026/09/16 11:49:52.814, 0, GPU-02ec26d3-2fcf-7527-1110-7120a701ec49, 9574 MiB
2026/09/16 11:49:52.915, 0, GPU-02ec26d3-2fcf-7527-1110-7120a701ec49, 9574 MiB
2026/09/16 11:49:53.015, 0, GPU-02ec26d3-2fcf-7527-1110-7120a701ec49, 9574 MiB
2026/09/16 11:49:53.115, 0, GPU-02ec26d3-2fcf-7527-1110-7120a701ec49, 9574 MiB
2026/09/16 11:49:53.215, 0, GPU-02ec26d3-2fcf-7527-1110-7120a701ec49, 9574 MiB
2026/09/16 11:49:53.316, 0, GPU-02ec26d3-2fcf-7527-1110-7120a701ec49, 9574 MiB
2026/09/16 11:49:53.416, 0, GPU-02ec26d3-2fcf-7527-1110-7120a701ec49, 9574 MiB
2026/09/16 11:49:53.516, 0, GPU-02ec26d3-2fcf-7527-1110-7120a701ec49, 9574 MiB
2026/09/16 11:49:53.617, 0, GPU-02ec26d3-2fcf-7527-1110-7120a701ec49, 9574 MiB
2026/09/16 11:49:53.717, 0, GPU-02ec26d3-2fcf-7527-1110-7120a701ec49, 9574 MiB
2026/09/16 11:49:53.817, 0, GPU-02ec26d3-2fcf-7527-1110-7120a701ec49, 9574 MiB
2026/09/16 11:49:53.917, 0, GPU-02ec26d3-2fcf-7527-1110-7120a701ec49, 9574 MiB
2026/09/16 11:49:54.018, 0, GPU-02ec26d3-2fcf-7527-1110-7120a701ec49, 9574 MiB
2026/09/16 11:49:54.118, 0, GPU-02ec26d3-2fcf-7527-1110-7120a701ec49, 9574 MiB
2026/09/16 11:49:54.218, 0, GPU-02ec26d3-2fcf-7527-1110-7120a701ec49, 9574 MiB
2026/09/16 11:49:54.318, 0, GPU-02ec26d3-2fcf-7527-1110-7120a701ec49, 9574 MiB
2026/09/16 11:49:54.419, 0, GPU-02ec26d3-2fcf-7527-1110-7120a701ec49, 9574 MiB
2026/09/16 11:49:54.519, 0, GPU-02ec26d3-2fcf-7527-1110-7120a701ec49, 9574 MiB
2026/09/16 11:49:54.619, 0, GPU-02ec26d3-2fcf-7527-1110-7120a701ec49, 9574 MiB
2026/09/16 11:49:54.720, 0, GPU-02ec26d3-2fcf-7527-1110-7120a701ec49, 9574 MiB
2026/09/16 11:49:54.820, 0, GPU-02ec26d3-2fcf-7527-1110-7120a701ec49, 9574 MiB
2026/09/16 11:49:54.920, 0, GPU-02ec26d3-2fcf-7527-1110-7120a701ec49, 9574 MiB
2026/09/16 11:49:55.020, 0, GPU-02ec26d3-2fcf-7527-1110-7120a701ec49, 9574 MiB
2026/09/16 11:49:55.121, 0, GPU-02ec26d3-2fcf-7527-1110-7120a701ec49, 9574 MiB
2026/09/16 11:49:55.221, 0, GPU-02ec26d3-2fcf-7527-1110-7120a701ec49, 9574 MiB
2026/09/16 11:49:55.321, 0, GPU-02ec26d3-2fcf-7527-1110-7120a701ec49, 9574 MiB
2026/09/16 11:49:55.421, 0, GPU-02ec26d3-2fcf-7527-1110-7120a701ec49, 9574 MiB
2026/09/16 11:49:55.522, 0, GPU-02ec26d3-2fcf-7527-1110-7120a701ec49, 9574 MiB
2026/09/16 11:49:55.622, 0, GPU-02ec26d3-2fcf-7527-1110-7120a701ec49, 9574 MiB
2026/09/16 11:49:55.722, 0, GPU-02ec26d3-2fcf-7527-1110-7120a701ec49, 9543 MiB
2026/09/16 11:49:55.823, 0, GPU-02ec26d3-2fcf-7527-1110-7120a701ec49, 9595 MiB
2026/09/16 11:49:55.923, 0, GPU-02ec26d3-2fcf-7527-1110-7120a701ec49, 9595 MiB
2026/09/16 11:49:56.023, 0, GPU-02ec26d3-2fcf-7527-1110-7120a701ec49, 9595 MiB
2026/09/16 11:49:56.123, 0, GPU-02ec26d3-2fcf-7527-1110-7120a701ec49, 9595 MiB
2026/09/16 11:49:56.224, 0, GPU-02ec26d3-2fcf-7527-1110-7120a701ec49, 9595 MiB
2026/09/16 11:49:56.324, 0, GPU-02ec26d3-2fcf-7527-1110-7120a701ec49, 9595 MiB
2026/09/16 11:49:56.424, 0, GPU-02ec26d3-2fcf-7527-1110-7120a701ec49, 9595 MiB
2026/09/16 11:49:56.525, 0, GPU-02ec26d3-2fcf-7527-1110-7120a701ec49, 9595 MiB
2026/09/16 11:49:56.625, 0, GPU-02ec26d3-2fcf-7527-1110-7120a701ec49, 9595 MiB
2026/09/16 11:49:56.725, 0, GPU-02ec26d3-2fcf-7527-1110-7120a701ec49, 9595 MiB
2026/09/16 11:49:56.826, 0, GPU-02ec26d3-2fcf-7527-1110-7120a701ec49, 9573 MiB
2026/09/16 11:49:56.926, 0, GPU-02ec26d3-2fcf-7527-1110-7120a701ec49, 9573 MiB
2026/09/16 11:49:57.027, 0, GPU-02ec26d3-2fcf-7527-1110-7120a701ec49, 9573 MiB
2026/09/16 11:49:57.127, 0, GPU-02ec26d3-2fcf-7527-1110-7120a701ec49, 9573 MiB
2026/09/16 11:49:57.227, 0, GPU-02ec26d3-2fcf-7527-1110-7120a701ec49, 9573 MiB
2026/09/16 11:49:57.328, 0, GPU-02ec26d3-2fcf-7527-1110-7120a701ec49, 9573 MiB
2026/09/16 11:49:57.428, 0, GPU-02ec26d3-2fcf-7527-1110-7120a701ec49, 9573 MiB
2026/09/16 11:49:57.529, 0, GPU-02ec26d3-2fcf-7527-1110-7120a701ec49, 9573 MiB
2026/09/16 11:49:57.629, 0, GPU-02ec26d3-2fcf-7527-1110-7120a701ec49, 9573 MiB
2026/09/16 11:49:57.730, 0, GPU-02ec26d3-2fcf-7527-1110-7120a701ec49, 9573 MiB
2026/09/16 11:49:57.830, 0, GPU-02ec26d3-2fcf-7527-1110-7120a701ec49, 10505 MiB
2026/09/16 11:49:57.931, 0, GPU-02ec26d3-2fcf-7527-1110-7120a701ec49, 10817 MiB
2026/09/16 11:49:58.032, 0, GPU-02ec26d3-2fcf-7527-1110-7120a701ec49, 11009 MiB
2026/09/16 11:49:58.133, 0, GPU-02ec26d3-2fcf-7527-1110-7120a701ec49, 13347 MiB
2026/09/16 11:49:58.233, 0, GPU-02ec26d3-2fcf-7527-1110-7120a701ec49, 13347 MiB
2026/09/16 11:49:58.334, 0, GPU-02ec26d3-2fcf-7527-1110-7120a701ec49, 14841 MiB
2026/09/16 11:49:58.434, 0, GPU-02ec26d3-2fcf-7527-1110-7120a701ec49, 16621 MiB
2026/09/16 11:49:58.535, 0, GPU-02ec26d3-2fcf-7527-1110-7120a701ec49, 16651 MiB
2026/09/16 11:49:58.635, 0, GPU-02ec26d3-2fcf-7527-1110-7120a701ec49, 17973 MiB
2026/09/16 11:49:58.736, 0, GPU-02ec26d3-2fcf-7527-1110-7120a701ec49, 20341 MiB
2026/09/16 11:49:58.836, 0, GPU-02ec26d3-2fcf-7527-1110-7120a701ec49, 20343 MiB
2026/09/16 11:49:58.936, 0, GPU-02ec26d3-2fcf-7527-1110-7120a701ec49, 20343 MiB
2026/09/16 11:49:59.037, 0, GPU-02ec26d3-2fcf-7527-1110-7120a701ec49, 20343 MiB
2026/09/16 11:49:59.138, 0, GPU-02ec26d3-2fcf-7527-1110-7120a701ec49, 20311 MiB
2026/09/16 11:49:59.238, 0, GPU-02ec26d3-2fcf-7527-1110-7120a701ec49, 20364 MiB
2026/09/16 11:49:59.338, 0, GPU-02ec26d3-2fcf-7527-1110-7120a701ec49, 20364 MiB
2026/09/16 11:49:59.439, 0, GPU-02ec26d3-2fcf-7527-1110-7120a701ec49, 20364 MiB
2026/09/16 11:49:59.539, 0, GPU-02ec26d3-2fcf-7527-1110-7120a701ec49, 20364 MiB
2026/09/16 11:49:59.640, 0, GPU-02ec26d3-2fcf-7527-1110-7120a701ec49, 20364 MiB
2026/09/16 11:49:59.740, 0, GPU-02ec26d3-2fcf-7527-1110-7120a701ec49, 20364 MiB
2026/09/16 11:49:59.841, 0, GPU-02ec26d3-2fcf-7527-1110-7120a701ec49, 20364 MiB
2026/09/16 11:49:59.942, 0, GPU-02ec26d3-2fcf-7527-1110-7120a701ec49, 20364 MiB
2026/09/16 11:50:00.043, 0, GPU-02ec26d3-2fcf-7527-1110-7120a701ec49, 20364 MiB
2026/09/16 11:50:00.143, 0, GPU-02ec26d3-2fcf-7527-1110-7120a701ec49, 20364 MiB
2026/09/16 11:50:00.244, 0, GPU-02ec26d3-2fcf-7527-1110-7120a701ec49, 20343 MiB
2026/09/16 11:50:00.344, 0, GPU-02ec26d3-2fcf-7527-1110-7120a701ec49, 20343 MiB
2026/09/16 11:50:00.445, 0, GPU-02ec26d3-2fcf-7527-1110-7120a701ec49, 20343 MiB
2026/09/16 11:50:00.545, 0, GPU-02ec26d3-2fcf-7527-1110-7120a701ec49, 20343 MiB
2026/09/16 11:50:00.646, 0, GPU-02ec26d3-2fcf-7527-1110-7120a701ec49, 20343 MiB
2026/09/16 11:50:00.746, 0, GPU-02ec26d3-2fcf-7527-1110-7120a701ec49, 20343 MiB
2026/09/16 11:50:00.847, 0, GPU-02ec26d3-2fcf-7527-1110-7120a701ec49, 20343 MiB
2026/09/16 11:50:00.947, 0, GPU-02ec26d3-2fcf-7527-1110-7120a701ec49, 20343 MiB
2026/09/16 11:50:01.048, 0, GPU-02ec26d3-2fcf-7527-1110-7120a701ec49, 20343 MiB
2026/09/16 11:50:01.149, 0, GPU-02ec26d3-2fcf-7527-1110-7120a701ec49, 20343 MiB
2026/09/16 11:50:01.249, 0, GPU-02ec26d3-2fcf-7527-1110-7120a701ec49, 20343 MiB
2026/09/16 11:50:01.350, 0, GPU-02ec26d3-2fcf-7527-1110-7120a701ec49, 20343 MiB
2026/09/16 11:50:01.450, 0, GPU-02ec26d3-2fcf-7527-1110-7120a701ec49, 20343 MiB
2026/09/16 11:50:01.551, 0, GPU-02ec26d3-2fcf-7527-1110-7120a701ec49, 20343 MiB
2026/09/16 11:50:01.651, 0, GPU-02ec26d3-2fcf-7527-1110-7120a701ec49, 20343 MiB
2026/09/16 11:50:01.752, 0, GPU-02ec26d3-2fcf-7527-1110-7120a701ec49, 20343 MiB
2026/09/16 11:50:01.852, 0, GPU-02ec26d3-2fcf-7527-1110-7120a701ec49, 20343 MiB
2026/09/16 11:50:01.953, 0, GPU-02ec26d3-2fcf-7527-1110-7120a701ec49, 20343 MiB
2026/09/16 11:50:02.053, 0, GPU-02ec26d3-2fcf-7527-1110-7120a701ec49, 20343 MiB
2026/09/16 11:50:02.154, 0, GPU-02ec26d3-2fcf-7527-1110-7120a701ec49, 20311 MiB
2026/09/16 11:50:02.254, 0, GPU-02ec26d3-2fcf-7527-1110-7120a701ec49, 20364 MiB
2026/09/16 11:50:02.355, 0, GPU-02ec26d3-2fcf-7527-1110-7120a701ec49, 20364 MiB
2026/09/16 11:50:02.455, 0, GPU-02ec26d3-2fcf-7527-1110-7120a701ec49, 20364 MiB
2026/09/16 11:50:02.556, 0, GPU-02ec26d3-2fcf-7527-1110-7120a701ec49, 20364 MiB
2026/09/16 11:50:02.657, 0, GPU-02ec26d3-2fcf-7527-1110-7120a701ec49, 20364 MiB
2026/09/16 11:50:02.757, 0, GPU-02ec26d3-2fcf-7527-1110-7120a701ec49, 20364 MiB
2026/09/16 11:50:02.858, 0, GPU-02ec26d3-2fcf-7527-1110-7120a701ec49, 20364 MiB
2026/09/16 11:50:02.958, 0, GPU-02ec26d3-2fcf-7527-1110-7120a701ec49, 20364 MiB
2026/09/16 11:50:03.059, 0, GPU-02ec26d3-2fcf-7527-1110-7120a701ec49, 20364 MiB
2026/09/16 11:50:03.159, 0, GPU-02ec26d3-2fcf-7527-1110-7120a701ec49, 20364 MiB
2026/09/16 11:50:03.260, 0, GPU-02ec26d3-2fcf-7527-1110-7120a701ec49, 20343 MiB
2026/09/16 11:50:03.361, 0, GPU-02ec26d3-2fcf-7527-1110-7120a701ec49, 20343 MiB
2026/09/16 11:50:03.461, 0, GPU-02ec26d3-2fcf-7527-1110-7120a701ec49, 20343 MiB
2026/09/16 11:50:03.562, 0, GPU-02ec26d3-2fcf-7527-1110-7120a701ec49, 20343 MiB
2026/09/16 11:50:03.662, 0, GPU-02ec26d3-2fcf-7527-1110-7120a701ec49, 20343 MiB
2026/09/16 11:50:03.763, 0, GPU-02ec26d3-2fcf-7527-1110-7120a701ec49, 20343 MiB
2026/09/16 11:50:03.863, 0, GPU-02ec26d3-2fcf-7527-1110-7120a701ec49, 20343 MiB
2026/09/16 11:50:03.964, 0, GPU-02ec26d3-2fcf-7527-1110-7120a701ec49, 20343 MiB
2026/09/16 11:50:04.064, 0, GPU-02ec26d3-2fcf-7527-1110-7120a701ec49, 20343 MiB
2026/09/16 11:50:04.165, 0, GPU-02ec26d3-2fcf-7527-1110-7120a701ec49, 20343 MiB
2026/09/16 11:50:04.265, 0, GPU-02ec26d3-2fcf-7527-1110-7120a701ec49, 20343 MiB
2026/09/16 11:50:04.366, 0, GPU-02ec26d3-2fcf-7527-1110-7120a701ec49, 20343 MiB
2026/09/16 11:50:04.466, 0, GPU-02ec26d3-2fcf-7527-1110-7120a701ec49, 20343 MiB
2026/09/16 11:50:04.567, 0, GPU-02ec26d3-2fcf-7527-1110-7120a701ec49, 20343 MiB
2026/09/16 11:50:04.667, 0, GPU-02ec26d3-2fcf-7527-1110-7120a701ec49, 20343 MiB
2026/09/16 11:50:04.767, 0, GPU-02ec26d3-2fcf-7527-1110-7120a701ec49, 20343 MiB
2026/09/16 11:50:04.868, 0, GPU-02ec26d3-2fcf-7527-1110-7120a701ec49, 20343 MiB
2026/09/16 11:50:04.968, 0, GPU-02ec26d3-2fcf-7527-1110-7120a701ec49, 20343 MiB
2026/09/16 11:50:05.069, 0, GPU-02ec26d3-2fcf-7527-1110-7120a701ec49, 20343 MiB
2026/09/16 11:50:05.169, 0, GPU-02ec26d3-2fcf-7527-1110-7120a701ec49, 20343 MiB
2026/09/16 11:50:05.270, 0, GPU-02ec26d3-2fcf-7527-1110-7120a701ec49, 20343 MiB
2026/09/16 11:50:05.370, 0, GPU-02ec26d3-2fcf-7527-1110-7120a701ec49, 20343 MiB
2026/09/16 11:50:05.471, 0, GPU-02ec26d3-2fcf-7527-1110-7120a701ec49, 20343 MiB
2026/09/16 11:50:05.571, 0, GPU-02ec26d3-2fcf-7527-1110-7120a701ec49, 20343 MiB
2026/09/16 11:50:05.671, 0, GPU-02ec26d3-2fcf-7527-1110-7120a701ec49, 20343 MiB
2026/09/16 11:50:05.772, 0, GPU-02ec26d3-2fcf-7527-1110-7120a701ec49, 20343 MiB
2026/09/16 11:50:05.872, 0, GPU-02ec26d3-2fcf-7527-1110-7120a701ec49, 20343 MiB
2026/09/16 11:50:05.972, 0, GPU-02ec26d3-2fcf-7527-1110-7120a701ec49, 20343 MiB
2026/09/16 11:50:06.073, 0, GPU-02ec26d3-2fcf-7527-1110-7120a701ec49, 20343 MiB
2026/09/16 11:50:06.173, 0, GPU-02ec26d3-2fcf-7527-1110-7120a701ec49, 20343 MiB
2026/09/16 11:50:06.274, 0, GPU-02ec26d3-2fcf-7527-1110-7120a701ec49, 20343 MiB
2026/09/16 11:50:06.374, 0, GPU-02ec26d3-2fcf-7527-1110-7120a701ec49, 20343 MiB
2026/09/16 11:50:06.475, 0, GPU-02ec26d3-2fcf-7527-1110-7120a701ec49, 20343 MiB
2026/09/16 11:50:06.575, 0, GPU-02ec26d3-2fcf-7527-1110-7120a701ec49, 20343 MiB
2026/09/16 11:50:06.676, 0, GPU-02ec26d3-2fcf-7527-1110-7120a701ec49, 20343 MiB
2026/09/16 11:50:06.776, 0, GPU-02ec26d3-2fcf-7527-1110-7120a701ec49, 20311 MiB
2026/09/16 11:50:06.877, 0, GPU-02ec26d3-2fcf-7527-1110-7120a701ec49, 20363 MiB
2026/09/16 11:50:06.977, 0, GPU-02ec26d3-2fcf-7527-1110-7120a701ec49, 20363 MiB
2026/09/16 11:50:07.077, 0, GPU-02ec26d3-2fcf-7527-1110-7120a701ec49, 20363 MiB
2026/09/16 11:50:07.178, 0, GPU-02ec26d3-2fcf-7527-1110-7120a701ec49, 20363 MiB
2026/09/16 11:50:07.278, 0, GPU-02ec26d3-2fcf-7527-1110-7120a701ec49, 20363 MiB
2026/09/16 11:50:07.379, 0, GPU-02ec26d3-2fcf-7527-1110-7120a701ec49, 20363 MiB
2026/09/16 11:50:07.479, 0, GPU-02ec26d3-2fcf-7527-1110-7120a701ec49, 20363 MiB
2026/09/16 11:50:07.580, 0, GPU-02ec26d3-2fcf-7527-1110-7120a701ec49, 20363 MiB
2026/09/16 11:50:07.680, 0, GPU-02ec26d3-2fcf-7527-1110-7120a701ec49, 20363 MiB
2026/09/16 11:50:07.781, 0, GPU-02ec26d3-2fcf-7527-1110-7120a701ec49, 20363 MiB
2026/09/16 11:50:07.881, 0, GPU-02ec26d3-2fcf-7527-1110-7120a701ec49, 20343 MiB
2026/09/16 11:50:07.982, 0, GPU-02ec26d3-2fcf-7527-1110-7120a701ec49, 20343 MiB
2026/09/16 11:50:08.082, 0, GPU-02ec26d3-2fcf-7527-1110-7120a701ec49, 20343 MiB
2026/09/16 11:50:08.183, 0, GPU-02ec26d3-2fcf-7527-1110-7120a701ec49, 20311 MiB
2026/09/16 11:50:08.284, 0, GPU-02ec26d3-2fcf-7527-1110-7120a701ec49, 20364 MiB
2026/09/16 11:50:08.385, 0, GPU-02ec26d3-2fcf-7527-1110-7120a701ec49, 20364 MiB
2026/09/16 11:50:08.485, 0, GPU-02ec26d3-2fcf-7527-1110-7120a701ec49, 20364 MiB
2026/09/16 11:50:08.586, 0, GPU-02ec26d3-2fcf-7527-1110-7120a701ec49, 20364 MiB
2026/09/16 11:50:08.686, 0, GPU-02ec26d3-2fcf-7527-1110-7120a701ec49, 20364 MiB
2026/09/16 11:50:08.787, 0, GPU-02ec26d3-2fcf-7527-1110-7120a701ec49, 20364 MiB
2026/09/16 11:50:08.887, 0, GPU-02ec26d3-2fcf-7527-1110-7120a701ec49, 20364 MiB
2026/09/16 11:50:08.988, 0, GPU-02ec26d3-2fcf-7527-1110-7120a701ec49, 20364 MiB
2026/09/16 11:50:09.088, 0, GPU-02ec26d3-2fcf-7527-1110-7120a701ec49, 20364 MiB
2026/09/16 11:50:09.189, 0, GPU-02ec26d3-2fcf-7527-1110-7120a701ec49, 20364 MiB
2026/09/16 11:50:09.289, 0, GPU-02ec26d3-2fcf-7527-1110-7120a701ec49, 20343 MiB
2026/09/16 11:50:09.390, 0, GPU-02ec26d3-2fcf-7527-1110-7120a701ec49, 20343 MiB
2026/09/16 11:50:09.490, 0, GPU-02ec26d3-2fcf-7527-1110-7120a701ec49, 20343 MiB
2026/09/16 11:50:09.590, 0, GPU-02ec26d3-2fcf-7527-1110-7120a701ec49, 20343 MiB
2026/09/16 11:50:09.691, 0, GPU-02ec26d3-2fcf-7527-1110-7120a701ec49, 20343 MiB
2026/09/16 11:50:09.791, 0, GPU-02ec26d3-2fcf-7527-1110-7120a701ec49, 20343 MiB
2026/09/16 11:50:09.892, 0, GPU-02ec26d3-2fcf-7527-1110-7120a701ec49, 20343 MiB
2026/09/16 11:50:09.992, 0, GPU-02ec26d3-2fcf-7527-1110-7120a701ec49, 20311 MiB
2026/09/16 11:50:10.093, 0, GPU-02ec26d3-2fcf-7527-1110-7120a701ec49, 20364 MiB
2026/09/16 11:50:10.193, 0, GPU-02ec26d3-2fcf-7527-1110-7120a701ec49, 20364 MiB
2026/09/16 11:50:10.293, 0, GPU-02ec26d3-2fcf-7527-1110-7120a701ec49, 20364 MiB
2026/09/16 11:50:10.394, 0, GPU-02ec26d3-2fcf-7527-1110-7120a701ec49, 20364 MiB
2026/09/16 11:50:10.494, 0, GPU-02ec26d3-2fcf-7527-1110-7120a701ec49, 20364 MiB
2026/09/16 11:50:10.595, 0, GPU-02ec26d3-2fcf-7527-1110-7120a701ec49, 20364 MiB
2026/09/16 11:50:10.695, 0, GPU-02ec26d3-2fcf-7527-1110-7120a701ec49, 20364 MiB
2026/09/16 11:50:10.795, 0, GPU-02ec26d3-2fcf-7527-1110-7120a701ec49, 20364 MiB
2026/09/16 11:50:10.896, 0, GPU-02ec26d3-2fcf-7527-1110-7120a701ec49, 20364 MiB
2026/09/16 11:50:10.996, 0, GPU-02ec26d3-2fcf-7527-1110-7120a701ec49, 20364 MiB
2026/09/16 11:50:11.097, 0, GPU-02ec26d3-2fcf-7527-1110-7120a701ec49, 20343 MiB
2026/09/16 11:50:11.197, 0, GPU-02ec26d3-2fcf-7527-1110-7120a701ec49, 20343 MiB
2026/09/16 11:50:11.298, 0, GPU-02ec26d3-2fcf-7527-1110-7120a701ec49, 20343 MiB
2026/09/16 11:50:11.398, 0, GPU-02ec26d3-2fcf-7527-1110-7120a701ec49, 20343 MiB
2026/09/16 11:50:11.499, 0, GPU-02ec26d3-2fcf-7527-1110-7120a701ec49, 20343 MiB
2026/09/16 11:50:11.600, 0, GPU-02ec26d3-2fcf-7527-1110-7120a701ec49, 20343 MiB
2026/09/16 11:50:11.700, 0, GPU-02ec26d3-2fcf-7527-1110-7120a701ec49, 20343 MiB
2026/09/16 11:50:11.801, 0, GPU-02ec26d3-2fcf-7527-1110-7120a701ec49, 20343 MiB
2026/09/16 11:50:11.902, 0, GPU-02ec26d3-2fcf-7527-1110-7120a701ec49, 20343 MiB
2026/09/16 11:50:12.002, 0, GPU-02ec26d3-2fcf-7527-1110-7120a701ec49, 20343 MiB
2026/09/16 11:50:12.103, 0, GPU-02ec26d3-2fcf-7527-1110-7120a701ec49, 20343 MiB
2026/09/16 11:50:12.203, 0, GPU-02ec26d3-2fcf-7527-1110-7120a701ec49, 20343 MiB
2026/09/16 11:50:12.304, 0, GPU-02ec26d3-2fcf-7527-1110-7120a701ec49, 20343 MiB
2026/09/16 11:50:12.404, 0, GPU-02ec26d3-2fcf-7527-1110-7120a701ec49, 20343 MiB
2026/09/16 11:50:12.504, 0, GPU-02ec26d3-2fcf-7527-1110-7120a701ec49, 20343 MiB
2026/09/16 11:50:12.605, 0, GPU-02ec26d3-2fcf-7527-1110-7120a701ec49, 20343 MiB
2026/09/16 11:50:12.705, 0, GPU-02ec26d3-2fcf-7527-1110-7120a701ec49, 20343 MiB
2026/09/16 11:50:12.805, 0, GPU-02ec26d3-2fcf-7527-1110-7120a701ec49, 20343 MiB
2026/09/16 11:50:12.906, 0, GPU-02ec26d3-2fcf-7527-1110-7120a701ec49, 20343 MiB
2026/09/16 11:50:13.006, 0, GPU-02ec26d3-2fcf-7527-1110-7120a701ec49, 20343 MiB
2026/09/16 11:50:13.107, 0, GPU-02ec26d3-2fcf-7527-1110-7120a701ec49, 20343 MiB
2026/09/16 11:50:13.207, 0, GPU-02ec26d3-2fcf-7527-1110-7120a701ec49, 20343 MiB
2026/09/16 11:50:13.307, 0, GPU-02ec26d3-2fcf-7527-1110-7120a701ec49, 20343 MiB
2026/09/16 11:50:13.408, 0, GPU-02ec26d3-2fcf-7527-1110-7120a701ec49, 20343 MiB
2026/09/16 11:50:13.508, 0, GPU-02ec26d3-2fcf-7527-1110-7120a701ec49, 20311 MiB
2026/09/16 11:50:13.608, 0, GPU-02ec26d3-2fcf-7527-1110-7120a701ec49, 20364 MiB
2026/09/16 11:50:13.709, 0, GPU-02ec26d3-2fcf-7527-1110-7120a701ec49, 20364 MiB
2026/09/16 11:50:13.809, 0, GPU-02ec26d3-2fcf-7527-1110-7120a701ec49, 20364 MiB
2026/09/16 11:50:13.909, 0, GPU-02ec26d3-2fcf-7527-1110-7120a701ec49, 20364 MiB
2026/09/16 11:50:14.010, 0, GPU-02ec26d3-2fcf-7527-1110-7120a701ec49, 20364 MiB
2026/09/16 11:50:14.110, 0, GPU-02ec26d3-2fcf-7527-1110-7120a701ec49, 20364 MiB
2026/09/16 11:50:14.210, 0, GPU-02ec26d3-2fcf-7527-1110-7120a701ec49, 20364 MiB
2026/09/16 11:50:14.310, 0, GPU-02ec26d3-2fcf-7527-1110-7120a701ec49, 20364 MiB
2026/09/16 11:50:14.411, 0, GPU-02ec26d3-2fcf-7527-1110-7120a701ec49, 20364 MiB
2026/09/16 11:50:14.511, 0, GPU-02ec26d3-2fcf-7527-1110-7120a701ec49, 20364 MiB
2026/09/16 11:50:14.611, 0, GPU-02ec26d3-2fcf-7527-1110-7120a701ec49, 20343 MiB
2026/09/16 11:50:14.711, 0, GPU-02ec26d3-2fcf-7527-1110-7120a701ec49, 20343 MiB
2026/09/16 11:50:14.812, 0, GPU-02ec26d3-2fcf-7527-1110-7120a701ec49, 20343 MiB
2026/09/16 11:50:14.912, 0, GPU-02ec26d3-2fcf-7527-1110-7120a701ec49, 20343 MiB
2026/09/16 11:50:15.012, 0, GPU-02ec26d3-2fcf-7527-1110-7120a701ec49, 20343 MiB
2026/09/16 11:50:15.113, 0, GPU-02ec26d3-2fcf-7527-1110-7120a701ec49, 20343 MiB
2026/09/16 11:50:15.213, 0, GPU-02ec26d3-2fcf-7527-1110-7120a701ec49, 20343 MiB
2026/09/16 11:50:15.313, 0, GPU-02ec26d3-2fcf-7527-1110-7120a701ec49, 20343 MiB
2026/09/16 11:50:15.413, 0, GPU-02ec26d3-2fcf-7527-1110-7120a701ec49, 20343 MiB
2026/09/16 11:50:15.514, 0, GPU-02ec26d3-2fcf-7527-1110-7120a701ec49, 20343 MiB
2026/09/16 11:50:15.614, 0, GPU-02ec26d3-2fcf-7527-1110-7120a701ec49, 20343 MiB
2026/09/16 11:50:15.714, 0, GPU-02ec26d3-2fcf-7527-1110-7120a701ec49, 20343 MiB
2026/09/16 11:50:15.814, 0, GPU-02ec26d3-2fcf-7527-1110-7120a701ec49, 20343 MiB
2026/09/16 11:50:15.915, 0, GPU-02ec26d3-2fcf-7527-1110-7120a701ec49, 20343 MiB
2026/09/16 11:50:16.015, 0, GPU-02ec26d3-2fcf-7527-1110-7120a701ec49, 20343 MiB
2026/09/16 11:50:16.115, 0, GPU-02ec26d3-2fcf-7527-1110-7120a701ec49, 20343 MiB
2026/09/16 11:50:16.216, 0, GPU-02ec26d3-2fcf-7527-1110-7120a701ec49, 20343 MiB
2026/09/16 11:50:16.316, 0, GPU-02ec26d3-2fcf-7527-1110-7120a701ec49, 20343 MiB
2026/09/16 11:50:16.416, 0, GPU-02ec26d3-2fcf-7527-1110-7120a701ec49, 20343 MiB
2026/09/16 11:50:16.516, 0, GPU-02ec26d3-2fcf-7527-1110-7120a701ec49, 20311 MiB
2026/09/16 11:50:16.617, 0, GPU-02ec26d3-2fcf-7527-1110-7120a701ec49, 20364 MiB
2026/09/16 11:50:16.717, 0, GPU-02ec26d3-2fcf-7527-1110-7120a701ec49, 20364 MiB
2026/09/16 11:50:16.817, 0, GPU-02ec26d3-2fcf-7527-1110-7120a701ec49, 20364 MiB
2026/09/16 11:50:16.918, 0, GPU-02ec26d3-2fcf-7527-1110-7120a701ec49, 20364 MiB
2026/09/16 11:50:17.018, 0, GPU-02ec26d3-2fcf-7527-1110-7120a701ec49, 20364 MiB
2026/09/16 11:50:17.118, 0, GPU-02ec26d3-2fcf-7527-1110-7120a701ec49, 20364 MiB
2026/09/16 11:50:17.219, 0, GPU-02ec26d3-2fcf-7527-1110-7120a701ec49, 20365 MiB
2026/09/16 11:50:17.319, 0, GPU-02ec26d3-2fcf-7527-1110-7120a701ec49, 20365 MiB
2026/09/16 11:50:17.419, 0, GPU-02ec26d3-2fcf-7527-1110-7120a701ec49, 20365 MiB
2026/09/16 11:50:17.519, 0, GPU-02ec26d3-2fcf-7527-1110-7120a701ec49, 20365 MiB
2026/09/16 11:50:17.620, 0, GPU-02ec26d3-2fcf-7527-1110-7120a701ec49, 20365 MiB
2026/09/16 11:50:17.720, 0, GPU-02ec26d3-2fcf-7527-1110-7120a701ec49, 20365 MiB
2026/09/16 11:50:17.820, 0, GPU-02ec26d3-2fcf-7527-1110-7120a701ec49, 20365 MiB
2026/09/16 11:50:17.921, 0, GPU-02ec26d3-2fcf-7527-1110-7120a701ec49, 20365 MiB
2026/09/16 11:50:18.021, 0, GPU-02ec26d3-2fcf-7527-1110-7120a701ec49, 20334 MiB
2026/09/16 11:50:18.121, 0, GPU-02ec26d3-2fcf-7527-1110-7120a701ec49, 20366 MiB
2026/09/16 11:50:18.222, 0, GPU-02ec26d3-2fcf-7527-1110-7120a701ec49, 20366 MiB
2026/09/16 11:50:18.322, 0, GPU-02ec26d3-2fcf-7527-1110-7120a701ec49, 20366 MiB
2026/09/16 11:50:18.422, 0, GPU-02ec26d3-2fcf-7527-1110-7120a701ec49, 20366 MiB
2026/09/16 11:50:18.523, 0, GPU-02ec26d3-2fcf-7527-1110-7120a701ec49, 20366 MiB
2026/09/16 11:50:18.623, 0, GPU-02ec26d3-2fcf-7527-1110-7120a701ec49, 20366 MiB
2026/09/16 11:50:18.723, 0, GPU-02ec26d3-2fcf-7527-1110-7120a701ec49, 20366 MiB
2026/09/16 11:50:18.824, 0, GPU-02ec26d3-2fcf-7527-1110-7120a701ec49, 20366 MiB
2026/09/16 11:50:18.924, 0, GPU-02ec26d3-2fcf-7527-1110-7120a701ec49, 20366 MiB
2026/09/16 11:50:19.024, 0, GPU-02ec26d3-2fcf-7527-1110-7120a701ec49, 20366 MiB
2026/09/16 11:50:19.124, 0, GPU-02ec26d3-2fcf-7527-1110-7120a701ec49, 20366 MiB
2026/09/16 11:50:19.225, 0, GPU-02ec26d3-2fcf-7527-1110-7120a701ec49, 20398 MiB
2026/09/16 11:50:19.325, 0, GPU-02ec26d3-2fcf-7527-1110-7120a701ec49, 20398 MiB
2026/09/16 11:50:19.425, 0, GPU-02ec26d3-2fcf-7527-1110-7120a701ec49, 20398 MiB
2026/09/16 11:50:19.526, 0, GPU-02ec26d3-2fcf-7527-1110-7120a701ec49, 20398 MiB
2026/09/16 11:50:19.626, 0, GPU-02ec26d3-2fcf-7527-1110-7120a701ec49, 20376 MiB
2026/09/16 11:50:19.726, 0, GPU-02ec26d3-2fcf-7527-1110-7120a701ec49, 20472 MiB
2026/09/16 11:50:19.827, 0, GPU-02ec26d3-2fcf-7527-1110-7120a701ec49, 20472 MiB
2026/09/16 11:50:19.927, 0, GPU-02ec26d3-2fcf-7527-1110-7120a701ec49, 20472 MiB
2026/09/16 11:50:20.027, 0, GPU-02ec26d3-2fcf-7527-1110-7120a701ec49, 20472 MiB
2026/09/16 11:50:20.127, 0, GPU-02ec26d3-2fcf-7527-1110-7120a701ec49, 20568 MiB
2026/09/16 11:50:20.228, 0, GPU-02ec26d3-2fcf-7527-1110-7120a701ec49, 20568 MiB
2026/09/16 11:50:20.328, 0, GPU-02ec26d3-2fcf-7527-1110-7120a701ec49, 20568 MiB
2026/09/16 11:50:20.428, 0, GPU-02ec26d3-2fcf-7527-1110-7120a701ec49, 20568 MiB
2026/09/16 11:50:20.529, 0, GPU-02ec26d3-2fcf-7527-1110-7120a701ec49, 20568 MiB
2026/09/16 11:50:20.629, 0, GPU-02ec26d3-2fcf-7527-1110-7120a701ec49, 20632 MiB
2026/09/16 11:50:20.729, 0, GPU-02ec26d3-2fcf-7527-1110-7120a701ec49, 20632 MiB
2026/09/16 11:50:20.829, 0, GPU-02ec26d3-2fcf-7527-1110-7120a701ec49, 20632 MiB
2026/09/16 11:50:20.929, 0, GPU-02ec26d3-2fcf-7527-1110-7120a701ec49, 20632 MiB
2026/09/16 11:50:21.030, 0, GPU-02ec26d3-2fcf-7527-1110-7120a701ec49, 20600 MiB
2026/09/16 11:50:21.130, 0, GPU-02ec26d3-2fcf-7527-1110-7120a701ec49, 20749 MiB
2026/09/16 11:50:21.230, 0, GPU-02ec26d3-2fcf-7527-1110-7120a701ec49, 20749 MiB
2026/09/16 11:50:21.331, 0, GPU-02ec26d3-2fcf-7527-1110-7120a701ec49, 20749 MiB
2026/09/16 11:50:21.431, 0, GPU-02ec26d3-2fcf-7527-1110-7120a701ec49, 20749 MiB
2026/09/16 11:50:21.531, 0, GPU-02ec26d3-2fcf-7527-1110-7120a701ec49, 20749 MiB
2026/09/16 11:50:21.632, 0, GPU-02ec26d3-2fcf-7527-1110-7120a701ec49, 20813 MiB
2026/09/16 11:50:21.732, 0, GPU-02ec26d3-2fcf-7527-1110-7120a701ec49, 20813 MiB
2026/09/16 11:50:21.832, 0, GPU-02ec26d3-2fcf-7527-1110-7120a701ec49, 20813 MiB
2026/09/16 11:50:21.932, 0, GPU-02ec26d3-2fcf-7527-1110-7120a701ec49, 20813 MiB
2026/09/16 11:50:22.033, 0, GPU-02ec26d3-2fcf-7527-1110-7120a701ec49, 20813 MiB
2026/09/16 11:50:22.133, 0, GPU-02ec26d3-2fcf-7527-1110-7120a701ec49, 20888 MiB
2026/09/16 11:50:22.233, 0, GPU-02ec26d3-2fcf-7527-1110-7120a701ec49, 20888 MiB
2026/09/16 11:50:22.333, 0, GPU-02ec26d3-2fcf-7527-1110-7120a701ec49, 20888 MiB
2026/09/16 11:50:22.434, 0, GPU-02ec26d3-2fcf-7527-1110-7120a701ec49, 20888 MiB
2026/09/16 11:50:22.534, 0, GPU-02ec26d3-2fcf-7527-1110-7120a701ec49, 20888 MiB
2026/09/16 11:50:22.634, 0, GPU-02ec26d3-2fcf-7527-1110-7120a701ec49, 20952 MiB
2026/09/16 11:50:22.734, 0, GPU-02ec26d3-2fcf-7527-1110-7120a701ec49, 20952 MiB
2026/09/16 11:50:22.835, 0, GPU-02ec26d3-2fcf-7527-1110-7120a701ec49, 20952 MiB
2026/09/16 11:50:22.935, 0, GPU-02ec26d3-2fcf-7527-1110-7120a701ec49, 20952 MiB
2026/09/16 11:50:23.035, 0, GPU-02ec26d3-2fcf-7527-1110-7120a701ec49, 20952 MiB
2026/09/16 11:50:23.135, 0, GPU-02ec26d3-2fcf-7527-1110-7120a701ec49, 20952 MiB
2026/09/16 11:50:23.236, 0, GPU-02ec26d3-2fcf-7527-1110-7120a701ec49, 21048 MiB
2026/09/16 11:50:23.336, 0, GPU-02ec26d3-2fcf-7527-1110-7120a701ec49, 21048 MiB
2026/09/16 11:50:23.436, 0, GPU-02ec26d3-2fcf-7527-1110-7120a701ec49, 21048 MiB
2026/09/16 11:50:23.536, 0, GPU-02ec26d3-2fcf-7527-1110-7120a701ec49, 21048 MiB
2026/09/16 11:50:23.637, 0, GPU-02ec26d3-2fcf-7527-1110-7120a701ec49, 21048 MiB
2026/09/16 11:50:23.737, 0, GPU-02ec26d3-2fcf-7527-1110-7120a701ec49, 21112 MiB
2026/09/16 11:50:23.837, 0, GPU-02ec26d3-2fcf-7527-1110-7120a701ec49, 21112 MiB
2026/09/16 11:50:23.937, 0, GPU-02ec26d3-2fcf-7527-1110-7120a701ec49, 21112 MiB
2026/09/16 11:50:24.038, 0, GPU-02ec26d3-2fcf-7527-1110-7120a701ec49, 21112 MiB
2026/09/16 11:50:24.138, 0, GPU-02ec26d3-2fcf-7527-1110-7120a701ec49, 21112 MiB
2026/09/16 11:50:24.238, 0, GPU-02ec26d3-2fcf-7527-1110-7120a701ec49, 21208 MiB
2026/09/16 11:50:24.338, 0, GPU-02ec26d3-2fcf-7527-1110-7120a701ec49, 21208 MiB
2026/09/16 11:50:24.439, 0, GPU-02ec26d3-2fcf-7527-1110-7120a701ec49, 21208 MiB
2026/09/16 11:50:24.539, 0, GPU-02ec26d3-2fcf-7527-1110-7120a701ec49, 21176 MiB
2026/09/16 11:50:24.639, 0, GPU-02ec26d3-2fcf-7527-1110-7120a701ec49, 21293 MiB
2026/09/16 11:50:24.739, 0, GPU-02ec26d3-2fcf-7527-1110-7120a701ec49, 21293 MiB
2026/09/16 11:50:24.839, 0, GPU-02ec26d3-2fcf-7527-1110-7120a701ec49, 21293 MiB
2026/09/16 11:50:24.940, 0, GPU-02ec26d3-2fcf-7527-1110-7120a701ec49, 21293 MiB
2026/09/16 11:50:25.040, 0, GPU-02ec26d3-2fcf-7527-1110-7120a701ec49, 21293 MiB
2026/09/16 11:50:25.140, 0, GPU-02ec26d3-2fcf-7527-1110-7120a701ec49, 21389 MiB
2026/09/16 11:50:25.240, 0, GPU-02ec26d3-2fcf-7527-1110-7120a701ec49, 21389 MiB
2026/09/16 11:50:25.341, 0, GPU-02ec26d3-2fcf-7527-1110-7120a701ec49, 21389 MiB
2026/09/16 11:50:25.441, 0, GPU-02ec26d3-2fcf-7527-1110-7120a701ec49, 21389 MiB
2026/09/16 11:50:25.541, 0, GPU-02ec26d3-2fcf-7527-1110-7120a701ec49, 21389 MiB
2026/09/16 11:50:25.641, 0, GPU-02ec26d3-2fcf-7527-1110-7120a701ec49, 21432 MiB
2026/09/16 11:50:25.741, 0, GPU-02ec26d3-2fcf-7527-1110-7120a701ec49, 21432 MiB
2026/09/16 11:50:25.842, 0, GPU-02ec26d3-2fcf-7527-1110-7120a701ec49, 21432 MiB
2026/09/16 11:50:25.942, 0, GPU-02ec26d3-2fcf-7527-1110-7120a701ec49, 21432 MiB
2026/09/16 11:50:26.042, 0, GPU-02ec26d3-2fcf-7527-1110-7120a701ec49, 21400 MiB
2026/09/16 11:50:26.142, 0, GPU-02ec26d3-2fcf-7527-1110-7120a701ec49, 21548 MiB
2026/09/16 11:50:26.243, 0, GPU-02ec26d3-2fcf-7527-1110-7120a701ec49, 21548 MiB
2026/09/16 11:50:26.343, 0, GPU-02ec26d3-2fcf-7527-1110-7120a701ec49, 21548 MiB
2026/09/16 11:50:26.443, 0, GPU-02ec26d3-2fcf-7527-1110-7120a701ec49, 21548 MiB
2026/09/16 11:50:26.543, 0, GPU-02ec26d3-2fcf-7527-1110-7120a701ec49, 21612 MiB
2026/09/16 11:50:26.644, 0, GPU-02ec26d3-2fcf-7527-1110-7120a701ec49, 21612 MiB
2026/09/16 11:50:26.744, 0, GPU-02ec26d3-2fcf-7527-1110-7120a701ec49, 21612 MiB
2026/09/16 11:50:26.844, 0, GPU-02ec26d3-2fcf-7527-1110-7120a701ec49, 21644 MiB
2026/09/16 11:50:26.944, 0, GPU-02ec26d3-2fcf-7527-1110-7120a701ec49, 21644 MiB
2026/09/16 11:50:27.045, 0, GPU-02ec26d3-2fcf-7527-1110-7120a701ec49, 21644 MiB
2026/09/16 11:50:27.145, 0, GPU-02ec26d3-2fcf-7527-1110-7120a701ec49, 21624 MiB
2026/09/16 11:50:27.245, 0, GPU-02ec26d3-2fcf-7527-1110-7120a701ec49, 21624 MiB
2026/09/16 11:50:27.346, 0, GPU-02ec26d3-2fcf-7527-1110-7120a701ec49, 21624 MiB
2026/09/16 11:50:27.446, 0, GPU-02ec26d3-2fcf-7527-1110-7120a701ec49, 21624 MiB
2026/09/16 11:50:27.546, 0, GPU-02ec26d3-2fcf-7527-1110-7120a701ec49, 21592 MiB
2026/09/16 11:50:27.647, 0, GPU-02ec26d3-2fcf-7527-1110-7120a701ec49, 21644 MiB
2026/09/16 11:50:27.747, 0, GPU-02ec26d3-2fcf-7527-1110-7120a701ec49, 21708 MiB
2026/09/16 11:50:27.847, 0, GPU-02ec26d3-2fcf-7527-1110-7120a701ec49, 21708 MiB
2026/09/16 11:50:27.948, 0, GPU-02ec26d3-2fcf-7527-1110-7120a701ec49, 21708 MiB
2026/09/16 11:50:28.048, 0, GPU-02ec26d3-2fcf-7527-1110-7120a701ec49, 21708 MiB
2026/09/16 11:50:28.148, 0, GPU-02ec26d3-2fcf-7527-1110-7120a701ec49, 21772 MiB
2026/09/16 11:50:28.249, 0, GPU-02ec26d3-2fcf-7527-1110-7120a701ec49, 21772 MiB
2026/09/16 11:50:28.349, 0, GPU-02ec26d3-2fcf-7527-1110-7120a701ec49, 21772 MiB
2026/09/16 11:50:28.449, 0, GPU-02ec26d3-2fcf-7527-1110-7120a701ec49, 21804 MiB
2026/09/16 11:50:28.549, 0, GPU-02ec26d3-2fcf-7527-1110-7120a701ec49, 21804 MiB
2026/09/16 11:50:28.650, 0, GPU-02ec26d3-2fcf-7527-1110-7120a701ec49, 21752 MiB
2026/09/16 11:50:28.750, 0, GPU-02ec26d3-2fcf-7527-1110-7120a701ec49, 21868 MiB
2026/09/16 11:50:28.850, 0, GPU-02ec26d3-2fcf-7527-1110-7120a701ec49, 21868 MiB
2026/09/16 11:50:28.951, 0, GPU-02ec26d3-2fcf-7527-1110-7120a701ec49, 21868 MiB
2026/09/16 11:50:29.051, 0, GPU-02ec26d3-2fcf-7527-1110-7120a701ec49, 21932 MiB
2026/09/16 11:50:29.151, 0, GPU-02ec26d3-2fcf-7527-1110-7120a701ec49, 21932 MiB
2026/09/16 11:50:29.252, 0, GPU-02ec26d3-2fcf-7527-1110-7120a701ec49, 21932 MiB
2026/09/16 11:50:29.352, 0, GPU-02ec26d3-2fcf-7527-1110-7120a701ec49, 21932 MiB
2026/09/16 11:50:29.452, 0, GPU-02ec26d3-2fcf-7527-1110-7120a701ec49, 20122 MiB
2026/09/16 11:50:29.553, 0, GPU-02ec26d3-2fcf-7527-1110-7120a701ec49, 10570 MiB
2026/09/16 11:50:29.653, 0, GPU-02ec26d3-2fcf-7527-1110-7120a701ec49, 4304 MiB
